house_ID,deaths,dis_sewers,dis_bspump
1,0,10.08,125
2,1,14.64,119.94
3,0,18.47,116.27
4,0,22.98,112.56
5,0,27.47,109.1
6,5,32.21,105.54
7,1,42.77,101.43
8,0,36.43,97.56
9,0,31.48,94.08
10,0,32.31,112.86
11,0,24.91,111.19
12,0,20.73,110.2
13,0,15.97,108.99
14,0,8.72,107.9
15,0,40.17,120.91
16,0,32.43,116.53
17,2,29.43,112.61
18,2,26.94,108.83
19,1,25.42,105.57
20,1,25.79,103.48
21,0,48.88,65.82
22,0,46.77,61.82
23,1,44.46,124.83
24,0,40.64,127.8
25,0,42.51,129.96
26,0,37.3,133.37
27,0,32.94,136.37
28,1,28.75,139.07
29,0,24.74,142.15
30,6,19.83,145.93
31,0,15.77,149.17
32,0,12.43,152.1
33,0,9.88,154.72
34,0,9.99,170.85
35,0,11.83,167.33
36,0,14.86,163.23
37,0,18.61,159.79
38,0,23.95,155.58
39,0,18.74,151.49
40,0,13.19,147.17
41,0,8.95,143.16
42,1,34.02,116.11
43,2,37.76,113.23
44,0,42.87,109.92
45,0,33.47,107.41
46,2,17.61,103.34
47,0,12.33,97.73
48,2,10.93,95.19
49,0,12.85,93.69
50,0,16.21,92.15
51,2,20.16,90.75
52,5,26.48,91.13
53,3,20.49,90.35
54,0,23.07,90.53
55,1,25.69,91.6
56,0,29.24,92.65
57,1,33.95,95.68
58,1,31.66,97.51
59,2,37.33,39.85
60,2,29.47,45.17
61,0,24.46,49.75
62,3,21.06,54.63
63,2,15.96,59.96
64,3,12.18,64.32
65,1,10.49,70.41
66,3,12.95,76.36
67,0,19.7,77.22
68,2,24.29,78.77
69,3,56.31,58.65
70,1,50.89,53.99
71,0,46.14,50
72,0,42.52,45.63
73,1,37.58,42.81
74,0,35.93,36.75
75,0,11.56,72.88
76,0,11.79,67.29
77,2,15.2,61.49
78,0,17.61,56.58
79,1,25.2,48.23
80,1,31.37,41.46
81,0,25.79,90.7
82,4,19.72,87.15
83,0,14.92,83.95
84,3,11.07,80.55
85,2,8.32,78.58
86,2,8.11,77.72
87,1,12.39,75.49
88,4,16.48,74.86
89,0,12.47,74.29
90,4,39.89,114.3
91,3,23.43,109.06
92,0,51.72,442.99
93,0,46.51,437.45
94,0,34.83,427.4
95,0,41.83,430.53
96,0,28.74,423.73
97,0,20.3,419.15
98,0,13.22,414.68
99,0,6.96,410.91
100,0,14.28,418.61
101,0,16.59,406.34
102,0,10.32,397.36
103,0,18.21,393.99
104,0,19.02,376.07
105,0,15.17,373.27
106,0,11.51,368.14
107,0,27.23,351.5
108,0,15.55,347.1
109,0,11.57,343.08
110,0,9.98,340.13
111,0,22.89,328.88
112,0,25.48,325.12
113,0,30.73,322.66
114,0,36.85,319.42
115,0,30.41,316.28
116,0,24.69,313.75
117,0,18.54,310.93
118,0,13.22,307.35
119,0,9.87,304.81
120,0,13.46,294.84
121,0,20.71,289.46
122,0,33.78,286.43
123,0,39.82,283.88
124,0,47.53,282.85
125,0,53.52,280.67
126,0,61.97,279.24
127,0,67.25,279.61
128,0,44.6,278.08
129,0,38.82,277.99
130,0,33.45,278.31
131,0,34.56,400.07
132,0,31.06,397.69
133,0,28.1,394.85
134,0,22.67,393.46
135,0,18.65,389.17
136,0,9.58,381.17
137,0,11.02,377.47
138,0,17.71,374.13
139,0,13.14,370.81
140,0,11.22,366.73
141,0,8.82,353
142,0,15.97,348.52
143,0,21.31,344.59
144,0,26.68,341.21
145,0,33.5,336.38
146,0,29.86,332.43
147,0,24.25,328.25
148,0,17.99,323.9
149,0,13.38,320.6
150,0,10.72,317.81
151,0,9,314.1
152,0,10.22,302.34
153,0,15.88,298.01
154,0,22.96,293.57
155,0,31.78,288.86
156,0,31.35,284.35
157,0,26.13,281.89
158,0,18.61,277.52
159,0,12.81,274.78
160,0,9.37,272.07
161,0,17.54,265.73
162,0,13.89,263.69
163,0,11.19,261.05
164,0,12.53,258.04
165,0,15.15,256.9
166,0,19.75,254.97
167,0,24.89,253.84
168,0,30.87,251.74
169,0,37.13,250.35
170,0,34.98,248.7
171,0,33.88,247.24
172,0,34.71,246.59
173,0,36.74,245.17
174,0,22.34,277.57
175,0,17.07,278.17
176,0,45.24,243.79
177,0,38.72,243.76
178,0,31.79,243.01
179,0,27.09,243.43
180,0,16.84,243.38
181,0,9.93,278.49
182,0,18.15,286.82
183,0,13.18,281.81
184,0,9.31,245
185,0,13.9,279.54
186,0,19.93,281.23
187,0,25.89,281.87
188,0,33.24,283.89
189,0,28.2,285.29
190,0,29.58,286.51
191,0,13.46,245.19
192,0,17.24,245.51
193,0,21.87,245.78
194,0,15.81,246.58
195,0,11.2,247.86
196,0,7.93,249.26
197,0,9.8,250.84
198,0,34.12,288.69
199,0,37.52,290.56
200,0,20.62,255.4
201,0,26.75,256.55
202,0,34.37,258.39
203,0,45.84,293.43
204,0,50.55,295.23
205,0,38.78,297.9
206,0,33.68,297.91
207,0,26.1,302.17
208,0,21.67,302.88
209,0,12.6,306.74
210,0,45.57,260.37
211,0,41,261.08
212,0,34.97,264.21
213,0,30.41,265.8
214,0,24.7,268.67
215,0,20.17,270.28
216,0,15.98,271.9
217,0,11.51,274.47
218,0,7.3,276.54
219,0,6.27,314.04
220,0,7.81,314.31
221,0,11.44,318.18
222,0,18,321.07
223,0,24.02,324.26
224,0,30.61,328.12
225,0,31.19,336.41
226,0,24.87,340.01
227,0,18.88,342.97
228,0,6.96,284.87
229,0,11.71,286.6
230,0,17.69,290.52
231,0,23.96,293.4
232,0,31.32,297.1
233,0,42.42,301.97
234,0,32.12,307.13
235,0,24.95,311.9
236,0,18.62,316.77
237,0,13.94,320.9
238,0,13.07,324.78
239,0,7.9,328.83
240,0,7.62,338.87
241,0,13.11,337.92
242,0,21.86,334.96
243,0,15.2,321.98
244,0,16.44,318.77
245,0,14.3,310.92
246,0,21.19,329.23
247,0,21.18,328.96
248,0,5.9,307.82
249,0,10.57,300.66
250,0,19.21,307.6
251,0,25.33,303.89
252,0,37.79,299.34
253,0,41.17,296.23
254,0,45.54,291.56
255,0,45.89,288.97
256,0,48.88,286.27
257,0,41.45,282.45
258,0,37.95,280.82
259,0,31.57,277.8
260,0,25.49,272.84
261,0,15.41,296.17
262,0,20.4,292.6
263,0,25.49,289.5
264,0,26.86,288.69
265,0,32.73,283.72
266,0,36.75,281.35
267,0,39.02,274.7
268,0,29.9,267.47
269,0,32.56,270.84
270,0,36.1,274.72
271,0,39.59,271.44
272,0,38.37,264.76
273,0,36.71,261.94
274,0,20.13,270.32
275,0,17.87,249.26
276,0,15.16,245.5
277,0,15.12,241.45
278,0,15.12,241.45
279,0,17.3,238.16
280,0,22.38,234.48
281,0,28.42,231.13
282,0,35.8,227.27
283,0,40.75,224.58
284,0,36.27,223.7
285,0,30.94,220.43
286,0,26.04,218.81
287,0,21.64,217.13
288,0,21.1,276.23
289,0,11.73,258.63
290,0,14.68,256.2
291,0,20.15,254.61
292,0,35.49,250.29
293,0,42.93,246.7
294,0,49.23,243.9
295,0,45.4,242.42
296,0,41.85,240.28
297,0,35.91,235.57
298,0,31.23,243.46
299,0,39.78,239.58
300,0,6.63,206.31
301,0,11.43,210.86
302,0,16.96,216.04
303,0,22.94,222
304,0,30.05,228.63
305,0,25.66,234.25
306,0,19.11,239.61
307,0,15.49,205.57
308,0,12.09,195.29
309,0,9.03,205.56
310,0,13.63,205.02
311,0,18.53,204.78
312,0,27.17,204.55
313,0,21.18,204.77
314,0,16.25,205.12
315,0,11.48,204.83
316,0,7.46,204.61
317,0,19.33,188.41
318,0,25.5,188.14
319,0,30.89,189.21
320,0,25.84,187.94
321,1,14.26,187.54
322,0,10.27,189.26
323,0,8.64,190.86
324,0,11.12,190.69
325,0,16.47,190.77
326,0,20.77,192.4
327,0,26.32,192.74
328,0,30.29,193.67
329,0,18.52,195.52
330,0,14.86,196.2
331,0,10.67,197.87
332,0,6.08,200.58
333,0,7.12,206.77
334,0,12.21,207.34
335,0,15.68,209.88
336,1,21.66,211.4
337,0,21.31,214.39
338,0,18.18,216.19
339,0,17.55,220.04
340,0,17.82,222.1
341,0,17.74,224.92
342,0,14.57,226.51
343,0,10.01,229.29
344,0,6.76,231.92
345,0,8.35,233.51
346,0,13.18,225.06
347,0,15.99,224.86
348,0,21.33,226.73
349,0,26.19,229.06
350,0,31.56,231.13
351,0,24.36,236.08
352,0,16.8,239.22
353,0,13.43,242.29
354,0,8.6,244.63
355,0,5.09,247.43
356,0,7.92,251.42
357,0,9.43,255.44
358,0,11.9,267.68
359,0,5.92,260.21
360,1,7.83,249.73
361,0,10.78,247.39
362,0,3.3,243.86
363,0,4.73,253.67
364,0,9.67,261.27
365,0,13.72,265.38
366,0,12.34,269.21
367,0,15.71,273.5
368,0,17.73,277.02
369,0,20.7,279.98
370,0,24.79,285.05
371,0,20.19,287.84
372,0,14.27,291.16
373,0,20.49,270.98
374,0,4.34,261.61
375,0,8.31,264.68
376,0,14.17,268.12
377,0,14.81,284.71
378,0,21.13,278.49
379,0,21.64,270.82
380,0,15.56,262.33
381,0,15.37,255.47
382,0,19.58,246.42
383,0,18.55,240.94
384,0,12.34,235.72
385,0,8.73,228.72
386,0,14.16,278.32
387,0,11.09,261.75
388,0,17.95,265.44
389,0,9.4,258.21
390,0,17.26,252.58
391,0,9.29,244.61
392,0,18.38,282.75
393,0,24.34,287.47
394,0,34.93,295.47
395,0,50.87,299.4
396,0,41.06,306.49
397,0,22.05,271.75
398,0,29.83,277.78
399,0,37.44,283.69
400,0,42.67,287.89
401,0,33.89,312.28
402,0,24.32,318.72
403,0,18.32,326.09
404,0,18.03,309.64
405,0,29.3,332.72
406,0,17.11,337.98
407,0,12.53,342.01
408,0,8.58,346.54
409,0,15.37,354.91
410,0,20.32,352.01
411,0,19.78,346.37
412,0,8.65,337.29
413,0,8.29,321.21
414,0,11.49,315.82
415,0,11.63,329.19
416,0,12.22,343.37
417,0,17.1,348.27
418,0,23.8,354.17
419,0,29.34,358.97
420,0,38.46,364.74
421,0,16.73,335.84
422,0,23.09,340.48
423,0,29.17,347.1
424,0,37.03,352.86
425,0,33.3,359.55
426,0,30.69,371.03
427,0,24.84,375.38
428,0,17.47,383.45
429,0,29.16,365.01
430,0,27.2,401.35
431,0,22,400.31
432,0,16.98,398.74
433,0,14.56,394.7
434,0,12.7,391.37
435,0,9.73,389.97
436,0,9.5,385.97
437,0,21.2,371.54
438,0,25.1,367.66
439,0,20.53,363.82
440,0,15.46,358.93
441,0,10.92,349.06
442,0,13.2,343.98
443,0,10.84,339.8
444,0,9.69,335.97
445,0,8.72,330.14
446,0,13.13,325.84
447,0,17.05,321.76
448,0,21.53,317.88
449,0,28.05,313.13
450,0,24.67,309.72
451,0,7.04,324.15
452,0,14.79,320.16
453,0,22.9,314.22
454,0,21.01,312.58
455,0,19.8,310.79
456,0,17.4,306.96
457,0,18.15,304.27
458,0,18.91,301.45
459,0,11.75,299.04
460,0,10.99,295.57
461,0,8.59,294.98
462,0,10.47,317.27
463,0,14.37,313.2
464,0,18.7,309.61
465,0,23.77,305.36
466,0,26.06,301.67
467,0,16.67,295.51
468,0,18.29,304.34
469,0,12.9,299.41
470,0,7.93,294.16
471,0,27.51,261.37
472,0,40.38,258.61
473,0,38.26,257.18
474,0,20.1,252.39
475,0,13.76,265.69
476,0,9.36,270.76
477,0,13.37,301.06
478,0,13.99,289.8
479,0,18.24,285.77
480,0,25.62,278.83
481,0,20.06,275.14
482,1,15.79,271.84
483,0,20.71,270.18
484,0,13.64,262.81
485,0,9.79,258.42
486,0,15.02,261.63
487,0,14.57,240.51
488,0,11.57,239.82
489,0,16.96,235.21
490,0,25.45,267.76
491,0,21.53,263.62
492,0,18.85,260.58
493,0,15.71,256.33
494,0,14.05,269.78
495,0,17.74,273.04
496,0,22.03,273.49
497,0,25.47,275.92
498,0,30.76,277.41
499,0,44.88,280.98
500,0,41.37,282.11
501,0,22.8,282.68
502,0,20.83,199.34
503,0,14.21,192.4
504,0,20.68,196.93
505,0,25,198.68
506,0,11.99,160.89
507,0,11.13,166.56
508,0,17.8,170.11
509,0,24.6,175.28
510,0,33.76,178.67
511,0,24.96,182.08
512,0,26.96,202.39
513,0,12.8,211.31
514,0,18.67,186.02
515,0,9.29,214.53
516,0,12.98,190.21
517,0,10.26,219.01
518,0,16.77,225.44
519,0,8.6,195.08
520,0,7.96,197.53
521,1,12.9,195.55
522,0,12.79,194.47
523,0,16.48,194.45
524,0,19.76,193.57
525,0,18.43,192.16
526,0,13.77,192.39
527,0,8.91,190.54
528,0,7.33,187.88
529,0,7.15,213.18
530,0,10.17,215.01
531,0,17.3,216.72
532,0,7.68,224.19
533,2,20.91,181.82
534,0,13.36,177.06
535,0,15.16,183.74
536,0,7.56,167.63
537,0,12.71,171.42
538,0,12.72,174.77
539,1,8.62,178.55
540,1,11.36,213.16
541,0,14.08,252.39
542,0,18.9,247.59
543,0,26.36,246.83
544,0,29.03,240.62
545,0,40.81,235.78
546,0,37.11,232.41
547,0,30.49,227.07
548,0,22.43,220.49
549,0,26.44,223.89
550,0,33.39,229.45
551,0,29.4,233.65
552,0,24.37,239.82
553,0,21.75,243.49
554,0,9.73,239.06
555,0,15.95,233
556,1,21.12,229.19
557,0,26.56,224.48
558,0,30.14,221.02
559,0,30.93,217.65
560,0,26.31,214.1
561,0,23.49,210.17
562,2,13.32,199.55
563,2,19.34,205.81
564,0,27.14,209.48
565,0,24.66,211.94
566,0,24.18,214.58
567,0,23.97,218.55
568,0,18.7,223.38
569,0,13.13,227.43
570,0,13.31,208.49
571,0,9.22,204.2
572,0,5.63,195.45
573,0,9.21,191.63
574,0,12.67,188.29
575,1,12.8,186.37
576,0,8.75,180.44
577,0,7.67,191.01
578,0,13.28,198.14
579,0,10.02,192.47
580,0,4.64,187.52
581,0,9.3,176.35
582,0,11.57,174.93
583,1,16.68,172.33
584,0,10.35,178.05
585,2,14.77,175.48
586,0,18.9,172.7
587,0,23.03,170.17
588,0,25.49,165.78
589,0,32.21,162.79
590,2,27.65,159.9
591,0,22.79,165.59
592,0,19.17,160.74
593,0,13.77,167.91
594,0,9.73,165.91
595,0,6.09,162.74
596,0,16.04,154.97
597,0,11.53,152.02
598,0,6.83,150.18
599,0,5.35,147.44
600,0,13.17,169.5
601,0,16.27,173.62
602,0,12.13,178.03
603,1,14.11,164.69
604,2,18.89,168.81
605,0,11.51,175.49
606,8,9.58,180.59
607,0,11.47,185.85
608,2,14.55,191.78
609,0,10.79,195.8
610,2,8.77,182.47
611,0,6.99,188.92
612,0,9.65,193.47
613,0,15.39,197.41
614,0,16.15,185.11
615,0,21.01,187.29
616,0,19.22,189.65
617,1,17.12,197.56
618,0,20.11,195.29
619,1,6.44,142.11
620,0,8.27,139.22
621,0,11.39,138.43
622,0,16.62,136.68
623,0,21.95,135.18
624,0,26.78,134.08
625,0,23.38,132.95
626,0,22.43,132.91
627,1,21.86,132.24
628,0,6.73,157.99
629,0,7.7,156.61
630,0,11.48,155.37
631,0,16.09,153.63
632,1,24.1,153.79
633,0,28.09,151.54
634,0,22.25,151.94
635,0,20.87,150.01
636,0,21.32,149.19
637,0,16.55,149.92
638,0,11.52,149.21
639,0,7.54,149.38
640,0,5.79,149.24
641,0,23.13,131.97
642,0,20.53,132.07
643,0,16.87,132.08
644,0,13.78,131.83
645,0,7.21,133.42
646,0,5.92,133.39
647,1,9.35,151.68
648,0,12.16,150.9
649,1,17.36,152.4
650,0,7.96,134.09
651,0,12.03,135.95
652,1,13.56,136.27
653,1,10.48,137.68
654,4,6.78,139.52
655,1,9.94,136.12
656,0,12,134.3
657,0,12.69,129.85
658,1,11.61,124.99
659,3,10.92,120.29
660,2,11.1,113.83
661,2,12.78,108.37
662,0,20.88,102.07
663,0,11.93,184.92
664,0,7.9,179.92
665,0,8.05,171.79
666,0,11.01,168.03
667,0,12.08,163.47
668,0,15.47,158.31
669,0,4.86,152.12
670,1,8.52,171.24
671,0,5.48,187.36
672,0,8.61,188.88
673,1,11.76,190.51
674,0,16.41,192.28
675,0,14.37,195.95
676,0,10.99,197.17
677,0,6.4,199.19
678,0,10.75,173.88
679,0,15.71,175.2
680,0,17.25,178.24
681,1,8.68,182.62
682,0,16.57,160.97
683,0,16.99,158.47
684,0,14.01,153.96
685,1,14.54,150.47
686,0,17.07,146.11
687,0,10.09,138.86
688,0,5.19,133.01
689,0,6.14,150
690,0,11.43,154.24
691,0,16.7,159.24
692,0,25.67,165.15
693,0,18.64,171.92
694,0,13.09,178.65
695,0,10.62,205.53
696,0,7.46,209.4
697,0,9.41,212.42
698,0,16.01,217
699,0,22.32,220.82
700,0,31.38,225.6
701,0,23.03,230.83
702,0,16.71,234.74
703,0,12.43,238.32
704,0,8.24,244.02
705,0,10.74,249.41
706,0,25.77,264.39
707,0,30.02,275.6
708,0,21.54,259.72
709,0,34.65,269.66
710,0,16.83,254.65
711,0,23.44,258.19
712,0,28.81,263.03
713,0,20.87,267.12
714,0,15.49,271.67
715,0,11.65,276.2
716,0,7.55,280.63
717,0,16.27,220.81
718,0,21.26,224.66
719,0,27.96,229.59
720,0,15.56,232.28
721,0,12.16,237.63
722,0,11.01,241.76
723,0,21.29,249.53
724,0,21.74,254.67
725,0,15.66,259.81
726,0,9,266.24
727,0,16.36,300.62
728,0,8.86,294.61
729,0,13.42,307.56
730,0,8.1,306.46
731,0,6.87,298.8
732,0,7.75,304
733,0,9.91,294.03
734,0,11.54,292.36
735,0,17.37,287.4
736,0,11.98,283.88
737,0,7.69,286.76
738,0,12.69,282.27
739,0,17.18,279.23
740,0,24,274.59
741,0,30.2,270.36
742,0,25.46,266.67
743,0,19.24,261.67
744,0,15.32,259.21
745,0,8.84,349.71
746,0,9.13,355.43
747,0,7.65,354.39
748,0,10.77,350.56
749,0,16.17,347.64
750,0,9.67,342.71
751,0,7.18,338.39
752,0,9.66,332.75
753,0,15.27,325.86
754,0,18.69,320.89
755,0,7.19,297.23
756,0,8.68,291.17
757,0,11.81,286.87
758,0,13.18,263.94
759,0,18.54,260
760,0,23.75,256.43
761,0,23.96,252.77
762,0,19.62,250.41
763,0,13.53,245.61
764,0,8.45,243.77
765,0,5.15,249.35
766,0,10.62,246.43
767,0,22.8,244.58
768,0,17.93,240.71
769,0,16.15,238.15
770,0,17.02,235.15
771,0,5.45,221.82
772,0,10.2,223.56
773,0,16.12,227.28
774,0,10.74,229.95
775,0,7.24,231.26
776,0,11.03,226.65
777,0,14.74,222.56
778,0,19.62,217.75
779,0,25.1,212.76
780,0,17.89,228.44
781,0,20.24,224.17
782,0,14.3,218.72
783,0,9.56,214.55
784,0,16.09,207.66
785,0,11.29,203.58
786,0,8.82,196.85
787,0,9.26,191.47
788,0,13.36,185.27
789,0,20.9,177.72
790,0,26.89,171.54
791,0,32.46,165.8
792,0,19.42,159.99
793,0,13.03,153.71
794,0,9.25,147.45
795,0,10.89,142.22
796,0,9.61,134.32
797,1,17.24,128.34
798,1,10.38,124.33
799,1,6.99,118.56
800,0,13.57,144.9
801,0,19.45,141.2
802,0,11.38,137.3
803,1,7.64,134.9
804,1,10.82,90.12
805,2,17.09,87.23
806,2,21.91,84.85
807,1,11.31,118.81
808,1,9.26,119.59
809,0,8.63,118.71
810,1,11.49,118.98
811,3,15.93,119.95
812,0,21.5,122.11
813,2,26.17,122.05
814,1,23.62,123.7
815,2,22.52,126.18
816,1,14.6,133.39
817,0,18.41,130.13
818,0,24.63,135.42
819,0,27.18,131.66
820,0,14.97,140.17
821,0,18.01,150.41
822,1,20.77,146.05
823,2,24.42,142.21
824,0,29.13,138.78
825,0,35.26,145.47
826,0,31.95,147.85
827,1,27.56,150.8
828,1,19.9,156
829,1,14.61,159.3
830,1,9.78,163.69
831,0,14.89,160.67
832,0,19.97,160.56
833,0,20.66,157.73
834,0,14.87,157.52
835,0,10,156.14
836,0,8.16,155.04
837,0,9.71,155.78
838,0,12.46,155.08
839,0,20.77,188.24
840,0,27.61,185.76
841,0,15.76,185.29
842,0,9.36,183.49
843,0,9.15,183.27
844,0,15.61,184.87
845,0,16.39,155.99
846,0,24.57,155.81
847,3,15.75,184.58
848,0,9.95,183.83
849,3,9.59,185.85
850,0,20.99,156.15
851,0,19.64,156.62
852,0,18.44,158.02
853,0,12.33,187.2
854,0,15.91,187.74
855,0,9.68,189.84
856,0,12.37,159.5
857,0,9.06,161.46
858,1,10.03,192.44
859,0,21.78,266.47
860,0,28.3,265.95
861,0,22.17,266.49
862,0,16.95,266.27
863,1,9.88,265.59
864,0,8.32,264.6
865,0,14.78,258.01
866,0,19.69,253
867,0,24.22,248.43
868,0,30.22,242.53
869,0,34.74,238.02
870,0,39.58,233.16
871,0,43.9,228.79
872,0,36.57,218.71
873,0,29.48,211.6
874,0,24.22,206.3
875,0,19.15,201.36
876,0,19.1,265.75
877,0,21.7,266.58
878,0,23.39,265.03
879,0,21.97,264.51
880,0,21.07,265.38
881,0,12.38,264.31
882,0,8.63,265.64
883,0,13.37,260.9
884,0,19.08,255.14
885,0,22.94,251.33
886,0,27.22,246.98
887,0,33.18,241.02
888,0,36.6,237.64
889,0,42.62,231.65
890,0,45.53,226.99
891,0,39.61,220.91
892,0,35.05,215.93
893,0,30.16,210.66
894,0,26.16,205.92
895,0,23.06,201.6
896,1,13.65,191.61
897,0,17.62,196.08
898,0,9.61,186.99
899,0,6.49,180.95
900,0,9.39,174.16
901,0,11.18,166.79
902,0,9.96,270.26
903,2,14.22,161.37
904,0,23.25,154.95
905,0,15.77,147.32
906,4,10.32,140.89
907,0,13.88,153.67
908,0,16.14,144.34
909,3,10.2,135.96
910,0,7.57,131.26
911,0,9.46,124.77
912,5,46.99,108.64
913,1,8.44,111.65
914,3,6.17,102.11
915,0,9.12,95.64
916,0,13.65,106.54
917,0,12.2,99.77
918,0,15.17,88.83
919,0,22.19,81.6
920,4,18.68,91.37
921,0,26.06,84.15
922,0,31.27,79.28
923,0,34.89,73.72
924,0,40.39,66.05
925,0,49.24,55.25
926,1,43.02,61.03
927,1,37.13,66.7
928,1,29.7,74.08
929,2,39.47,48.54
930,0,33.29,42.31
931,1,43.28,58.97
932,0,24.79,46.4
933,0,26.51,35.87
934,0,10.75,20.19
935,0,8.13,37.81
936,0,12.95,39.5
937,3,62.81,72.01
938,0,64.28,70.24
939,1,58.81,68.98
940,1,11.51,13.65
941,6,14.28,8.65
942,2,13.08,7.26
943,3,15.09,10.54
944,2,18.71,15.41
945,0,23.07,20.51
946,0,27.89,25.76
947,5,30.07,33.46
948,18,25.26,29.27
949,3,18.53,22.83
950,5,15.65,20.83
951,1,13.61,19.46
952,0,19.4,25.34
953,0,24.31,30.25
954,0,20.4,24.92
955,6,23.16,36.17
956,2,17.66,41.9
957,2,24.76,34.25
958,0,20.75,40.2
959,0,16.01,45.19
960,1,12.73,50.38
961,4,9.68,55.28
962,0,9.68,62.19
963,0,17.6,73.35
964,0,20.23,74.43
965,0,14.02,75.36
966,0,13.4,47.6
967,1,10.15,52.78
968,2,8.87,58.45
969,0,12.5,58.83
970,1,20.77,58.25
971,2,17.72,60.03
972,1,16.22,61.96
973,1,16.16,64.52
974,0,18.13,66.4
975,0,9.07,77.92
976,0,14.22,85.42
977,0,19.15,90.66
978,1,24.04,96.13
979,1,5.62,94.11
980,2,6.49,89.36
981,0,9.21,85.81
982,1,13.81,81.67
983,1,17.97,78.2
984,1,20.28,74.74
985,0,24.08,71.31
986,1,26.23,69.61
987,0,4.9,92.86
988,0,10.4,89.91
989,0,15.83,87.32
990,0,14.74,84.8
991,1,12.13,99.66
992,0,16.11,103.68
993,2,19.74,113.94
994,0,21.53,108.4
995,0,23.9,116.86
996,0,31.34,123.53
997,0,28.32,128.89
998,0,25.46,136.88
999,0,28.12,114.39
1000,1,35.34,120.68
1001,0,49.61,126.12
1002,1,55.21,132.28
1003,0,38.34,136.32
1004,0,26.18,143.78
1005,0,29.1,149.58
1006,0,34.51,164.63
1007,0,29.6,171.05
1008,0,26.25,176.67
1009,0,38.75,170.07
1010,0,37.65,176.51
1011,0,37.26,183.51
1012,0,30.85,189.28
1013,0,23.95,182.98
1014,0,24.59,188.55
1015,0,25.78,193.27
1016,0,26.54,198.32
1017,0,22.17,202.93
1018,0,17.27,207.89
1019,0,12.5,212.66
1020,0,20.86,198.76
1021,0,14.16,205.56
1022,0,8.25,218.26
1023,0,6.82,215.56
1024,0,11.76,212.71
1025,0,15.54,210.74
1026,0,10.72,209.31
1027,0,6.01,208.4
1028,0,27.12,232.25
1029,0,23.45,230.46
1030,0,19.14,229
1031,0,14.29,226.69
1032,0,11.59,225.3
1033,0,11.24,223.92
1034,0,14.98,223.21
1035,0,7.49,203.58
1036,0,13.9,194.03
1037,0,18.94,188.66
1038,0,22.21,185.19
1039,2,26.32,181.03
1040,0,9.33,202.62
1041,0,14.03,198.13
1042,0,20.06,191.98
1043,0,25.17,186.94
1044,0,39.86,181.72
1045,1,33.02,175.59
1046,1,41.41,167.02
1047,4,45.69,175.12
1048,0,51.32,168.84
1049,0,56.71,163.03
1050,0,63.38,156.23
1051,1,66.22,142.26
1052,0,60.91,136.35
1053,0,63.2,146.31
1054,2,57.66,130.93
1055,1,50.93,124.28
1056,1,46.4,119.49
1057,0,40.93,114.25
1058,0,35.72,108.86
1059,0,30.52,103.64
1060,0,63.75,140.7
1061,0,59.67,136.8
1062,0,54.23,131.47
1063,1,48.14,125.52
1064,0,42.4,119.93
1065,1,38.02,115.58
1066,1,31.19,108.84
1067,0,24.34,101.96
1068,0,18.39,95.84
1069,2,15.5,92.27
1070,2,16.53,72.23
1071,4,24.24,80.6
1072,2,32.76,89.4
1073,2,37.25,93.94
1074,4,41.69,98.44
1075,1,45.86,102.75
1076,0,21.48,77.52
1077,1,26.7,82.98
1078,0,33.77,90.17
1079,0,28.71,96.1
1080,0,26.32,100.5
1081,0,24.01,104.93
1082,0,23.28,110.02
1083,0,37.64,108.03
1084,1,36.85,114.34
1085,0,36.95,118.93
1086,1,37.89,123.89
1087,1,39.66,129.48
1088,0,42.66,135.76
1089,0,45.35,140.76
1090,1,32.78,147.24
1091,1,32.28,152.84
1092,2,22.59,115.18
1093,0,25.12,122.13
1094,0,25.95,126.75
1095,0,27.97,130.87
1096,3,30.54,135.78
1097,0,19.81,140.92
1098,0,18.97,144.27
1099,0,34.69,166.3
1100,0,28.37,180.28
1101,0,21.78,185.77
1102,0,14.85,179.79
1103,0,17.91,187.34
1104,0,14.25,191.88
1105,0,15.85,201.71
1106,0,20.12,201.98
1107,0,17.7,201.02
1108,0,13.21,200.3
1109,4,10.14,198.71
1110,0,26.96,221.51
1111,0,21.5,219.34
1112,0,17.12,218.65
1113,0,13.5,217.6
1114,0,10.88,216.32
1115,0,14.29,222.26
1116,0,9.23,228.51
1117,0,7.54,233.92
1118,0,10.3,240.91
1119,1,21.28,254.01
1120,1,9.65,225.56
1121,0,12.54,225.41
1122,0,14.07,227.51
1123,0,8.8,241.3
1124,0,6.82,241.45
1125,0,14.75,246.67
1126,1,19.47,252.03
1127,0,12.28,259.96
1128,0,14.41,278.07
1129,2,10.3,282.04
1130,0,4.78,287
1131,0,8.41,303.94
1132,0,4.5,307.37
1133,0,4.24,315.42
1134,0,6.95,325.3
1135,0,9.23,329.8
1136,0,9.67,334.56
1137,0,11.63,339.1
1138,0,17.55,345.73
1139,0,8.42,341.19
1140,0,10.55,339.43
1141,0,15.55,336.5
1142,0,20.3,335.92
1143,0,24.67,332.96
1144,0,21.84,331.41
1145,0,18.78,330.14
1146,0,13.5,322
1147,0,16.51,328.52
1148,0,15.88,326.76
1149,0,15.93,323.94
1150,0,19.79,321.52
1151,0,25.43,320.86
1152,0,23.74,319.6
1153,0,11,434.15
1154,0,10.94,434.78
1155,0,11.19,433.11
1156,0,14.13,433.16
1157,0,9.55,401.32
1158,0,9.6,401.76
1159,0,5.46,403.29
1160,0,6.17,406.78
1161,0,10.95,406.46
1162,0,12.18,395.2
1163,0,18.84,388.11
1164,0,23.46,383.4
1165,0,32.22,378.31
1166,0,37.33,372.46
1167,0,19.85,352.79
1168,0,20.54,350.92
1169,1,21.16,347.91
1170,0,24.56,346.61
1171,0,21.42,356.46
1172,0,16.6,351.99
1173,0,12.19,347.6
1174,0,24.42,385.8
1175,0,19.33,380.71
1176,0,14.74,375.94
1177,0,10.32,370.4
1178,0,10.67,363.9
1179,0,6.79,356.82
1180,0,7.88,350.5
1181,0,7.32,362.67
1182,1,10.94,357.72
1183,0,7.36,316.41
1184,0,12.54,319.53
1185,0,16.69,302.77
1186,0,8.39,306.59
1187,0,2.85,296.71
1188,0,7.75,292.39
1189,1,4.95,279.8
1190,0,10.08,275.09
1191,0,13.47,255.07
1192,0,8.68,247.68
1193,0,9.78,243.62
1194,0,6.01,251.56
1195,0,14.4,243.26
1196,0,12.16,241.28
1197,0,21.28,233.09
1198,0,22.06,231.18
1199,0,12.89,240.51
1200,0,22.21,230.61
1201,0,21.93,229.77
1202,0,20.34,228.7
1203,1,17.67,226.84
1204,0,12.75,227.94
1205,0,8.39,227.27
1206,0,5.97,227.79
1207,0,13.41,238.2
1208,0,13.65,237.66
1209,0,15.6,237.46
1210,1,19.39,238.89
1211,0,19.78,238.73
1212,0,16.67,239.35
1213,0,14.36,215.07
1214,0,20.6,214.11
1215,0,21.66,213.32
1216,0,23.21,212.63
1217,0,25.27,212.6
1218,0,15.36,213.08
1219,1,13.45,212.78
1220,0,11.62,213.23
1221,0,6.54,218.95
1222,0,4.1,222.74
1223,0,6.51,228.85
1224,0,8.68,231.36
1225,0,14.83,195.34
1226,0,18.23,195.1
1227,0,18.37,196.17
1228,0,18.55,195.4
1229,0,21.46,196.46
1230,0,23.9,196.17
1231,1,18.25,197.91
1232,0,13.23,198.95
1233,0,9.18,199.72
1234,0,7.45,200.94
1235,0,8.79,220.13
1236,0,11.91,216.1
1237,0,11.51,212.24
1238,0,8.39,213.1
1239,2,6.65,214.33
1240,0,6.74,215.05
1241,0,8.7,215.44
1242,0,10.6,202.73
1243,0,14.08,194.62
1244,0,9.53,195.38
1245,0,12.62,190.18
1246,0,20.69,190.14
1247,2,16.49,186.33
1248,0,12.02,182.05
1249,0,13.2,186.67
1250,1,9.13,182.5
1251,2,6.76,177.4
1252,0,4.96,173.62
1253,12,6.07,170.25
1254,1,16.35,175.96
1255,1,12.34,169.13
1256,1,20.25,167.13
1257,1,26.01,164.84
1258,1,26.39,162.41
1259,1,23.94,160.59
1260,1,8.72,156.78
1261,0,16.95,152.33
1262,0,32.1,150.06
1263,2,26.02,148.38
1264,0,10.49,186.43
1265,1,9,182.99
1266,1,6.46,181.65
1267,0,18.01,130.42
1268,1,9.21,143.23
1269,1,8.46,138.54
1270,2,17.64,135.94
1271,0,26.07,132.23
1272,5,19.56,131.15
1273,1,6.11,129.86
1274,1,9.05,127.99
1275,1,15.49,124.19
1276,1,21.37,121.94
1277,1,22.55,120.1
1278,1,19.54,119.12
1279,1,17.88,118.65
1280,2,6.54,115.3
1281,2,12.53,106.62
1282,0,20.8,99.29
1283,0,16.62,94.85
1284,1,10.33,89.41
1285,3,7.06,83.5
1286,3,15.54,81.77
1287,5,20.07,77.83
1288,2,31.38,76.94
1289,4,18.91,63.36
1290,2,22.25,65.51
1291,1,18.56,67.05
1292,0,14.75,69.13
1293,3,8.82,73.14
1294,1,6.4,69.74
1295,3,7.41,65.54
1296,1,9.48,62.99
1297,5,17.19,50.65
1298,2,12.59,45.72
1299,3,10.69,42.04
1300,2,9.95,35.72
1301,6,14.14,30.83
1302,5,9.49,41.92
1303,1,13.62,48.06
1304,3,17.55,53.13
1305,7,17.49,60.06
1306,0,12.92,66.13
1307,1,10.37,70.1
1308,1,9.27,77.16
1309,4,13.34,84.58
1310,2,18.64,91.36
1311,5,11.64,97.06
1312,0,8.43,103.94
1313,0,8.36,109.74
1314,2,6.82,130.12
1315,0,14.11,110.53
1316,5,18.46,110.74
1317,1,17.48,129.24
1318,2,25.86,133.07
1319,0,19.47,112.61
1320,3,22.65,113.78
1321,0,30.91,116.47
1322,0,32.78,133.35
1323,1,37.35,134.94
1324,0,43.79,136.78
1325,1,27.76,120.36
1326,0,27.6,122.98
1327,0,49.27,139.19
1328,0,45.76,141.36
1329,0,30.05,125.65
1330,2,25.41,67.58
1331,8,20.89,72.4
1332,1,14.07,79.02
1333,4,10.92,84.1
1334,0,7.94,90.26
1335,3,9.58,95.16
1336,0,13.58,101.1
1337,0,21.15,79.81
1338,0,18.03,82.62
1339,1,12.2,88.41
1340,0,9.89,92.71
1341,1,9.11,100.15
1342,1,8.9,103.84
1343,2,13.86,109.47
1344,0,9.51,97.06
1345,0,10.78,102.89
1346,0,13.62,108.06
1347,2,14.13,117.38
1348,1,14.79,119.5
1349,1,13.08,121.46
1350,1,14.47,127.41
1351,1,38.31,143.83
1352,1,32.48,147.65
1353,0,26.06,150.68
1354,1,21.16,153.82
1355,0,15.98,156.77
1356,2,32.16,127.29
1357,1,37.35,130.6
1358,2,31.11,134.38
1359,0,25.03,138.54
1360,0,19.11,141.26
1361,0,13.36,145.76
1362,0,6.91,150.02
1363,0,10.18,164.2
1364,0,12.28,160.02
1365,1,11.81,144.27
1366,1,16.48,140.21
1367,1,25.82,137.16
1368,0,17.82,155.84
1369,0,21.91,153.62
1370,2,26.98,150.89
1371,0,25.82,134.9
1372,0,28.9,132.89
1373,0,26.49,128.31
1374,0,46.03,145.9
1375,0,29.5,143.76
1376,0,23.26,141.12
1377,0,27.82,123.25
1378,0,18.75,120.4
1379,0,15.64,119.23
1380,0,10.99,116.36
1381,0,7.85,132.01
1382,0,9.38,109.09
1383,3,18.03,176.63
1384,3,18.55,183.03
1385,0,25.3,191.09
1386,0,28.61,192.25
1387,0,33.55,193.87
1388,0,28.2,195.73
1389,0,24.21,197.46
1390,0,19.08,200.42
1391,0,15.02,203.36
1392,0,39.58,169.1
1393,0,42.18,170.2
1394,0,33.86,173.91
1395,0,29.58,174.81
1396,1,25.4,177.02
1397,0,21.1,179.49
1398,0,15.63,182.84
1399,0,12.51,168.18
1400,1,17,171.73
1401,0,20.84,176.53
1402,0,20.59,181.09
1403,0,14.99,185.45
1404,1,9.1,189.74
1405,0,7.28,174.55
1406,0,10.38,178.97
1407,0,14.24,181.87
1408,0,19.67,186.29
1409,0,24.99,190.15
1410,0,19.73,194.17
1411,0,8.25,216.41
1412,0,9.47,221.24
1413,0,13.34,225.2
1414,0,19.22,230.7
1415,1,23.73,234.72
1416,0,7.38,207.45
1417,0,9.49,212.33
1418,0,15.04,217.91
1419,0,20.54,224.28
1420,0,29.03,239.18
1421,0,26.25,228.06
1422,0,33.13,234.26
1423,0,44.33,238.2
1424,0,40,242.81
1425,0,36.74,246.66
1426,0,26.83,254.87
1427,0,19.32,261.87
1428,0,34.61,244.3
1429,0,36.23,249.36
1430,0,29.43,254.89
1431,0,24.69,259.06
1432,0,12.89,269.6
1433,0,8.61,273.7
1434,0,9.55,274.04
1435,0,12.65,275.08
1436,0,17.57,276.51
1437,0,23.1,277.5
1438,0,27.71,279.6
1439,0,33.56,280.81
1440,0,39.2,283.45
1441,0,52.8,287.56
1442,0,56.58,280.62
1443,0,51.12,276.58
1444,0,44.68,270.93
1445,0,39.35,266.94
1446,0,33.88,262.18
1447,0,30.59,259.62
1448,0,24.59,254.77
1449,0,19.09,250.39
1450,0,16.31,246.18
1451,0,9.9,241.25
1452,0,43.87,281.23
1453,0,39.98,278.18
1454,0,34.27,273.26
1455,0,30.21,270.24
1456,0,25.64,266.55
1457,0,21.44,263.12
1458,0,17.95,259.59
1459,0,12.5,255.22
1460,0,8.67,251.64
1461,0,14.08,201.98
1462,0,16.17,205.64
1463,0,19.57,208.86
1464,1,33.74,201.7
1465,0,34.77,203.28
1466,0,26.97,206.43
1467,0,23.66,212.17
1468,0,18.69,215.74
1469,0,14.62,219.18
1470,0,14.21,221.56
1471,0,17.98,224.32
1472,0,21.89,226.48
1473,0,20.95,229.12
1474,0,16.19,233.02
1475,0,11.48,236.93
1476,0,6.69,227.02
1477,0,12.61,223.07
1478,1,14.17,219.93
1479,0,19.14,215.97
1480,0,18.64,211.73
1481,0,13.89,208.6
1482,0,9.61,242.57
1483,0,9.36,238.96
1484,1,13.47,235.45
1485,0,17.29,230.96
1486,0,20.86,228.39
1487,0,15.65,224.43
1488,0,12.73,221.68
1489,0,12.39,217.97
1490,0,8.54,204.54
1491,0,8.22,215.46
1492,0,11.84,180.1
1493,2,17.4,185.26
1494,0,21.25,188.58
1495,1,27.57,192.56
1496,0,17.13,195.44
1497,0,13.9,199.98
1498,0,10.5,165.9
1499,0,14.54,170.99
1500,2,19.26,174.22
1501,0,22.84,180.55
1502,0,18.25,185.02
1503,0,15.52,188.45
1504,0,7.15,194.11
1505,0,12.08,190.29
1506,0,17.37,187.41
1507,0,15.97,185.03
1508,0,19.37,182.96
1509,0,23.9,180.59
1510,0,28.21,178.86
1511,0,32.07,177.6
1512,1,39.46,174.54
1513,0,42.91,172.99
1514,0,28.71,172.43
1515,0,24,169.63
1516,0,5.98,204.31
1517,0,12.43,201.64
1518,0,25.07,197.09
1519,0,35.2,194.19
1520,0,33.17,192.8
1521,0,28.53,191.39
1522,1,23.35,191.04
1523,0,17.36,188.78
1524,0,12.09,188.38
1525,0,4.55,186.86
1526,0,19.73,169.73
1527,0,18.62,169.18
1528,1,17.69,168.7
1529,0,18.04,168.99
1530,2,21.58,146.37
1531,0,15.74,141.02
1532,0,11.68,136.52
1533,0,26.97,165.17
1534,0,41.43,160.49
1535,0,46.71,156.96
1536,0,51.5,154.23
1537,8,18.29,123.22
1538,2,12.24,118.08
1539,3,7.58,113.94
1540,0,11.91,101.38
1541,3,14.06,105.96
1542,0,18.04,111.77
1543,0,9.44,119.77
1544,0,15.14,123.79
1545,3,20.92,126.68
1546,1,26.92,130.18
1547,0,31.4,133.23
1548,0,36.53,136.15
1549,2,22.7,97.42
1550,0,24.63,103.08
1551,2,21.15,107.91
1552,1,11.79,111.89
1553,2,7.06,116.55
1554,0,9.47,115.54
1555,1,8.94,93.89
1556,2,11.47,100.33
1557,2,10.62,105.97
1558,0,7.37,109.62
1559,2,4.52,114.1
1560,0,10.96,114
1561,0,9.02,171.66
1562,1,13.1,166.33
1563,0,19.68,159.61
1564,0,25.3,153.76
1565,0,24.42,155.12
1566,0,16.47,142.08
1567,1,11.57,135.76
1568,0,19.2,141.93
1569,1,25.93,142.37
1570,0,21.9,143.11
1571,0,18.15,143.51
1572,1,15.06,145.08
1573,0,10.44,146.9
1574,1,8.19,153.12
1575,0,7.11,163.65
1576,0,6.08,166.57
1577,0,5.43,169.55
1578,0,8.37,173.57
1579,0,9.09,127.92
1580,0,11.98,128.44
1581,0,12.84,130.24
1582,0,8.32,131.77
1583,1,6.48,134.28
1584,0,7.27,135.22
1585,1,11.25,137.53
1586,0,16.68,139.8
1587,2,18.35,142.13
1588,1,20.44,145.05
1589,0,24.03,147.51
1590,1,27.18,150.52
1591,2,25.19,154.05
1592,0,18.9,157.17
1593,2,14.61,161.8
1594,1,8.88,165.35
1595,8,7.34,169.78
1596,2,8.9,172.86
1597,0,9.4,173.58
1598,1,16.5,177.42
1599,0,11.63,181.51
1600,0,7,170.02
1601,0,4.57,173.84
1602,1,6.86,178.35
1603,0,10.96,183.34
1604,0,7.15,162.16
1605,0,9.49,165.22
1606,0,14.01,168.33
1607,0,18.59,171.13
1608,0,17.01,168.02
1609,0,13.63,165.33
1610,0,11.23,162.99
1611,0,8.84,158.79
1612,0,5.61,175.96
1613,0,6.82,177.95
1614,0,10.34,180.61
1615,0,13.52,181.98
1616,0,6.76,184.65
1617,0,6.56,189.1
1618,0,8.91,191.92
1619,0,13.53,195.9
1620,0,17.33,199.08
1621,0,16.16,202.83
1622,0,14.07,205.72
1623,0,5.37,193.62
1624,0,6.15,195.73
1625,0,8.47,198.62
1626,0,12.6,202.25
1627,0,16.85,205.87
1628,1,20.58,208.93
1629,1,24.03,215.17
1630,0,5.91,191.56
1631,0,5.05,204.17
1632,0,10.68,208.62
1633,1,18.53,217.73
1634,0,16.95,217.96
1635,0,17.14,219.26
1636,0,19.04,221.03
1637,0,26.54,228.91
1638,0,22.43,236.43
1639,0,27.29,232.18
1640,0,33.21,227.26
1641,0,30.65,219.62
1642,0,26.41,222.98
1643,0,18.76,226.58
1644,0,34.76,231.04
1645,1,37.05,233.92
1646,0,24.9,236.28
1647,0,20.5,239.8
1648,0,7.98,340.34
1649,0,4.39,326.07
1650,0,7.21,322.39
1651,0,6.41,314.01
1652,0,4.89,268.93
1653,0,5.85,263.99
1654,0,9.03,260.67
1655,0,13.4,255.72
1656,0,8.65,251.87
1657,0,18.72,265.55
1658,0,11.56,260.27
1659,0,5.88,255.78
1660,0,6.19,246.76
1661,0,6.71,235
1662,0,8.8,231.56
1663,0,13.98,228.22
1664,0,17.33,225.19
1665,0,12.66,223.03
1666,0,5.62,219.52
1667,0,7.16,251.09
1668,0,10.71,248.37
1669,0,17.81,244.52
1670,0,23.45,241.27
1671,0,16.98,237.79
1672,0,12.9,235.25
1673,0,17.06,193.36
1674,0,22.64,197.49
1675,0,14.62,200.97
1676,0,8.65,206.55
1677,0,13.71,199.95
1678,0,18.21,203.88
1679,0,21.18,207.52
1680,1,13.32,213.09
1681,0,5.72,230.9
1682,0,5.13,212.29
1683,0,6.03,224.86
1684,0,9.74,221.19
1685,0,15.66,219.01
1686,0,18.72,216.7
1687,0,24.54,215.15
1688,0,32.71,210.09
1689,0,37.5,208.3
1690,0,43.59,205.55
1691,0,48.69,203.06
1692,1,34.42,202.05
1693,0,33.66,199.58
1694,1,35.32,199.06
1695,0,7.2,209.11
1696,0,9.56,207.77
1697,0,14.26,204.6
1698,0,18.9,202.22
1699,0,23.39,199.32
1700,0,24.07,197.41
1701,0,23.72,194.7
1702,0,25.59,193.57
1703,0,27.87,191.5
1704,0,19.94,189.06
1705,3,18.58,186.15
1706,0,18.74,184.04
1707,1,21.52,182.13
1708,0,23.85,180.07
1709,0,36.57,196.44
1710,1,28.1,178.33
1711,1,24.15,177.46
1712,1,20.05,176.42
1713,1,13.94,177.44
1714,0,31.29,195.86
1715,1,25.6,194.66
1716,0,19.36,193.1
1717,0,14.13,191.9
1718,4,10.79,192.69
1719,0,7.07,190.93
1720,0,6.65,191.16
1721,0,10.01,174.39
1722,0,6.46,189.63
1723,1,7.77,188.74
1724,0,10.73,187.6
1725,2,15.93,188.15
1726,2,8.29,187.22
1727,0,3.5,186.03
1728,0,92.4,329.75
1729,2,91.06,327.11
1730,1,36.61,273.62
1731,1,8.42,210.31
1732,0,10.76,195.46
1733,1,9.36,200.97
1734,0,6.74,207.14
1735,2,9.93,213.28
1736,3,14.01,218.96
1737,2,22.04,216.14
1738,0,16.51,227.44
1739,2,13.37,232.76
1740,6,9.2,238.12
1741,2,9.25,245.12
1742,3,12.07,251.09
1743,1,9.01,256.9
1744,0,6.74,261.74
1745,1,9.75,266.58
1746,0,9.25,272.92
1747,1,9.94,271.9
1748,3,9.66,265.27
1749,0,6.89,259.25
1750,0,9.65,254.47
1751,1,13.43,249.41
1752,2,10.04,243.32
1753,1,9.73,237.79
1754,3,17.37,231.43
1755,2,20.22,226.3
1756,2,17.88,220.19
1757,1,12.7,214.89
1758,1,9.49,209.73
1759,1,12.06,201.05
1760,0,8.48,199.94
1761,0,12.77,194.37
1762,1,11.52,270.95
1763,1,9.25,247.02
1764,1,8.38,234.59
1765,2,9.83,248.51
1766,1,22.99,279.86
1767,0,8.72,331.8
1768,0,8.52,333.21
1769,0,11.42,333.82
1770,0,6.3,138.54
1771,0,60.36,148.06
1772,0,52.48,155.88
1773,1,25.39,178.44
1774,0,31.22,386.5
1775,0,9.62,359.85
1776,0,15.85,269.28
1777,0,25.46,254.39
1778,0,10.12,190.17
1779,0,14.62,189.08
1780,0,6.86,215.66
1781,0,19.71,210.55
1782,0,21.3,211.44
1783,0,18.35,267.56
1784,0,24.88,274.4
1785,0,23.28,259.72
1786,0,19.26,261.77
1787,0,10.95,353.04
1788,0,7.63,289.44
1789,0,13.61,286.3
1790,0,7.91,287.45
1791,0,15.05,271.91
1792,0,18.8,268.12
1793,0,12.88,295.53
1794,0,19.05,273.09
1795,0,21.18,277.17
1796,0,11.99,285.95
1797,0,16.91,262.37
1798,0,17.44,250.71
1799,0,14.7,248.17
1800,0,14.25,246.54
1801,0,5.5,233.33
1802,0,9.87,235.92
1803,0,6.75,230.19
1804,0,7.61,224.85
1805,0,16,242.64
1806,0,15.33,236.57
1807,0,21.63,234.38
1808,0,19.71,230.85
1809,0,26.05,223.79
1810,0,34.1,215.43
1811,0,25.92,233.15
1812,0,20.05,232.38
1813,0,18.47,252.4
1814,0,15.99,252.28
1815,0,26.18,253.99
1816,0,10.47,231.8
1817,0,5.41,238.94
1818,0,11.81,236.7
1819,0,4.18,208.15
1820,0,7.59,203.52
1821,0,10.86,235.1
1822,0,24.42,314.65
1823,0,18.93,357.98
1824,0,7.45,296.91
1825,0,7.01,145.9
1826,0,9.01,150.42
1827,0,9.82,155.44
1828,0,6.74,155.26
1829,0,8.89,154.32
1830,0,14.72,144.82
1831,0,20.87,146.7
1832,0,18.92,28.98
1833,0,51.9,46.55
1834,0,38.89,34.54
1835,0,52.62,69.85
1836,0,8.03,99.84
1837,0,15.52,127.81
1838,0,13.64,123.24
1839,0,15.01,119.84
1840,0,12.17,129.26
1841,0,22.82,139.57
1842,0,14.29,173.01
1843,0,8.97,177.12
1844,0,12.29,177.13
1845,0,10.18,163.54
1846,0,11.43,170.51
1847,0,21.11,187.5
1848,0,22.11,191.88
1849,0,4.75,197.54
1850,0,18.06,261.31
1851,0,6,286.47
1852,0,7.33,299.4