latitude,longitude,altitude,geometry,coordinates,dis_ID,district,sub_ID,subdist,pop1851,pop_house,supplier,supplierID,perc_sou,perc_lam,perc_other,lam_degree,d_overall,d_sou,d_lam,d_pump,d_thames,d_unasc,rate_sou7w,rate_lam7w,rate_oth7w,deaths1849,deaths1854,rate1849,rate1854,pop1849,pop1854,rAvSupR_49,rAvSupR_54,pred_Snow,pred_DiD49,pred_DiD54,District_1,Area (Acres),Elevation,"Houses, Inhabited",Value of Houses,Sub-District,Population (1851),Deaths from Cholera (1853),Lambeth,Southwark and Vauxhall,sub_ID_1
,,,MultiPolygon,"-0.078952208514311,51.49494598438275,-0.079328707298035,51.49544855383271,-0.078460784591895,51.495285414659385,-0.076873459057088,51.49520975390782,-0.075752515862039,51.49538992672148,-0.07548485167287,51.496080497897964,-0.075296652294629,51.49677237269807,-0.075556040275424,51.49816655645124,-0.075054105646756,51.49875400133574,-0.074322089034162,51.49913910527261,-0.073905880230156,51.49957903224244,-0.074018841261093,51.500207898026545,-0.073452257357535,51.500574875773204,-0.072583176345299,51.50091847284128,-0.071935647798374,51.501666579598485,-0.071174664499906,51.50224322200975,-0.070244254180047,51.502694407019774,-0.069388750936839,51.50231036520574,-0.068605851619904,51.501785598216905,-0.067567554445125,51.50176385694963,-0.066516849071615,51.50137573410635,-0.064377895313353,51.50070042853519,-0.061946944704217,51.50117833853923,-0.060042767198922,51.500934965989835,-0.060037426527528,51.500466980491964,-0.06000228437295,51.499937380256675,-0.060192130038337,51.499453373645984,-0.060188384330031,51.49837518083426,-0.059616566234654,51.497570014197194,-0.059834318052122,51.49659833893169,-0.05936055128033,51.49577484046661,-0.058111275635025,51.49489438022822,-0.057223635763277,51.49450957496802,-0.05729266512595,51.49386015799171,-0.057421239672623,51.49331373750848,-0.058030352752597,51.492879112640956,-0.058916991097316,51.4927146424922,-0.059591749354081,51.49228137723694,-0.059585076976072,51.49182362625139,-0.05901727184382,51.490947283221615,-0.058948033856006,51.49045772477052,-0.058781615903962,51.48994576203395,-0.058305344889186,51.48918319779132,-0.058025171584462,51.48867904528674,-0.059066615060371,51.48836524681545,-0.059728218124705,51.48815545494457,-0.060330267731825,51.48784266406815,-0.06164197147411,51.487056703508664,-0.062317482472417,51.486603061353264,-0.063722953742723,51.48644951668027,-0.064757613639539,51.48710170190506,-0.065519133005723,51.48742282711816,-0.06660275405765,51.48779127102826,-0.067602527707363,51.48850369609243,-0.06916324676083,51.48904479526078,-0.069936115429343,51.48916262010311,-0.070967224614351,51.489326560222075,-0.071948271882891,51.489204854985445,-0.073168572115615,51.489600776483655,-0.074069154408397,51.4896152902123,-0.076320937446293,51.49001813911699,-0.07595513220716,51.490578144737526,-0.075664523152022,51.491814383316395,-0.075610208527601,51.49310413926436,-0.076777157136896,51.49371896685799,-0.077939963912577,51.494432995199126,-0.078952208514311,51.49494598438275",1,Bermondsey,4,St. James Bermondsey,18899,6.6,SouthwarkVauxhall,1,1,0,0,dirty_none,123,102,0,0,21,0,53.308247,,,249,362,143.218682,189.192014,17386,19134,134.861083,146.611474,156,199.389367,201.780519,Bermondsey,688,0,5674,107821,St. James,18899,21,FALSE,TRUE,4
,,,MultiPolygon,"-0.101954883821317,51.50842675670083,-0.100973102083272,51.50836323133037,-0.099914012229876,51.50829619713078,-0.098760046579174,51.508193331214066,-0.09773700943482,51.50825556780043,-0.096672294357328,51.50817239501986,-0.094949673211113,51.50807796568329,-0.094106262611731,51.507720578041,-0.093215181618072,51.50740512390381,-0.092287957404329,51.50702809412,-0.091562925838028,51.5070070246936,-0.090794985504776,51.50695672895429,-0.08989745862261,51.50686090043122,-0.088807404330358,51.506674109611176,-0.087644577927182,51.50656930333321,-0.087976232370525,51.50609065725907,-0.087718442317494,51.50557949757352,-0.088118983149897,51.504982541596526,-0.088928401382123,51.50498772505743,-0.089396501973603,51.50449752846732,-0.088752400265792,51.50392078195813,-0.08939396740633,51.50320171276986,-0.089440082511433,51.50265897499007,-0.088727745874703,51.50218551463402,-0.089106131929531,51.50177268260589,-0.089892432681204,51.50211400230498,-0.090828099701651,51.50265249386416,-0.091838745906691,51.503013470294945,-0.091511753206577,51.50353295062503,-0.092852979638326,51.50372028885367,-0.093106529682718,51.50325553331439,-0.093763415366459,51.50255593940844,-0.094777624504867,51.50227060701627,-0.095329233749256,51.502604704743035,-0.09604796533198,51.50286170404128,-0.096829775653451,51.50303148293259,-0.097529459831141,51.50231907393026,-0.097913121907,51.50186414685408,-0.098809330260272,51.50207623455544,-0.099614653344626,51.501897211474564,-0.100482656948246,51.50176992185914,-0.101244064141283,51.50191053655543,-0.101375919596264,51.50242145388091,-0.10142438048501,51.503032187331726,-0.101436497269878,51.503607345641655,-0.101557599977013,51.504312131187355,-0.101249443949369,51.50507418007428,-0.100770128785782,51.50579369249363,-0.100568877304528,51.50625846802477,-0.10060180985214,51.50676595707212,-0.101262513408782,51.50722951529836,-0.102006791374101,51.507654517746495,-0.101954883821317,51.50842675670083",8,St. Saviour Southwark,1,St. Saviour Southwark,19709,7.3,SouthwarkVauxhall,1,0.826838,0,0.173162,dirty_none,125,115,0,0,10,0,69.082619,,28.683987,283,371,145.636064,184.274574,19432,20133,134.861083,146.611474,153,151.964563,153.78698,"St. Saviour, Southwark",250,3,4659,174732,St. Saviour,19709,45,FALSE,TRUE,1
,,,MultiPolygon,"-0.086658629822922,51.50237125052062,-0.086178709940459,51.503100390027306,-0.08533802591006,51.50317589120681,-0.085678740426381,51.5038133227781,-0.086397894031358,51.50397343703032,-0.087236356378422,51.50429539212835,-0.087346892543352,51.50490321049865,-0.088118983149897,51.504982541596526,-0.087718442317494,51.50557949757352,-0.087976232370525,51.50609065725907,-0.087644577927182,51.50656930333321,-0.086282726496111,51.50633534192897,-0.085222760958486,51.506290782218606,-0.083929893957758,51.50608742652312,-0.083105709667588,51.50594005310407,-0.082286468789146,51.50588956548023,-0.080982192627992,51.5056796676364,-0.080044321041213,51.50540915283453,-0.079713277258377,51.50490745436653,-0.079721807702555,51.504426068998086,-0.080106321717513,51.50401982933142,-0.080333570606525,51.503584036514546,-0.081227415186995,51.50344396363512,-0.081798914893367,51.50381709094481,-0.082486336178825,51.50413211339233,-0.08326269911127,51.5043666685724,-0.083236107455566,51.50369122798925,-0.083109157507404,51.503025247218766,-0.082758253665911,51.50241700769587,-0.083474308943431,51.50232824769885,-0.084277141085021,51.5017807333454,-0.084853557347091,51.502144090501986,-0.085807791942921,51.50232406536153,-0.086658629822922,51.50237125052062",7,St. Olave Southwark,2,St. Olave Southwark,8015,9.1,SouthwarkVauxhall,1,1,0,0,dirty_none,53,43,0,0,5,5,53.649407,,,157,161,195.88272,200.873362,8015,8015,134.861083,146.611474,160,199.389367,201.780519,"St. Olave, Southwark",250,3,4659,174732,St. Olave,8015,19,FALSE,TRUE,2
,,,MultiPolygon,"-0.079713277258377,51.50490745436653,-0.078632160099867,51.5049598613576,-0.077502872465813,51.504530505612394,-0.076309349643869,51.50413001367002,-0.074980403322984,51.5038876077207,-0.073989502363466,51.50365902884328,-0.073156138461254,51.503346757228854,-0.072318284189928,51.50292775917811,-0.071683450539272,51.50260637522146,-0.071174664499906,51.50224322200975,-0.071935647798374,51.501666579598485,-0.072583176345299,51.50091847284128,-0.073452257357535,51.500574875773204,-0.074018841261093,51.500207898026545,-0.075328014591691,51.50027575954925,-0.075946055107066,51.50001218892094,-0.077077400668999,51.499426976412884,-0.077765931236687,51.49960631350897,-0.078817714887329,51.50001290017082,-0.078777612348616,51.500516812151346,-0.078664043596734,51.501140217971866,-0.079344365069031,51.50166548541887,-0.08013677394699,51.501774006710086,-0.080898715405842,51.50181472012059,-0.082014267046693,51.50209853235872,-0.082758253665911,51.50241700769587,-0.083109157507404,51.503025247218766,-0.083236107455566,51.50369122798925,-0.08326269911127,51.5043666685724,-0.082486336178825,51.50413211339233,-0.081798914893367,51.50381709094481,-0.081227415186995,51.50344396363512,-0.080333570606525,51.503584036514546,-0.080106321717513,51.50401982933142,-0.079721807702555,51.504426068998086,-0.079713277258377,51.50490745436653",7,St. Olave Southwark,3,St. John Horsleydown,11360,7.7,SouthwarkVauxhall,1,0.837219,0,0.162781,dirty_none,51,48,0,0,3,0,49.815513,,16.013260,192,148,172.972973,128.595013,11100,11509,134.861083,146.611474,160,154.459193,156.311526,"St. Olave, Southwark",250,3,4659,174732,"St. John, Horsleydown",11360,7,FALSE,TRUE,3
,,,MultiPolygon,"-0.101954883821317,51.50842675670083,-0.102006791374101,51.507654517746495,-0.101262513408782,51.50722951529836,-0.10060180985214,51.50676595707212,-0.100568877304528,51.50625846802477,-0.100770128785782,51.50579369249363,-0.101249443949369,51.50507418007428,-0.101557599977013,51.504312131187355,-0.101436497269878,51.503607345641655,-0.10142438048501,51.503032187331726,-0.101375919596264,51.50242145388091,-0.102880980452125,51.50219851465675,-0.104224993527131,51.501884853913296,-0.105378027001499,51.501919786188914,-0.106251401698416,51.50192321387881,-0.106411206989904,51.50247813424691,-0.106643477790488,51.503022983557,-0.106751351672862,51.50354910367339,-0.10674931794554,51.50416309397838,-0.106587922885148,51.5048846703407,-0.107203875033521,51.505559640624945,-0.108230718957654,51.50577334223282,-0.108060595880389,51.506249451453435,-0.108445179514139,51.50685787487618,-0.108489193609542,51.507339124246144,-0.109063366349902,51.50769768749896,-0.109014157541213,51.50821185810154,-0.107987072920394,51.508350414988854,-0.104871492597294,51.508442026254414,-0.10406861802099,51.50853808479361,-0.102925107407437,51.508551770191794,-0.101954883821317,51.50842675670083",8,St. Saviour Southwark,13,Christchurch Southwark,16022,8.5,SouthwarkVauxhall_Lambeth,2,0.180344,0.807445,0.012211,more_Lambeth,25,11,13,0,0,1,37.033724,9.775454,0.000000,256,113,162.746345,68.609593,15730,16470,130.102049,84.857854,57,138.975993,51.239985,"St. Saviour, Southwark",250,3,4659,174732,Christchurch,16022,7,TRUE,TRUE,13
,,,MultiPolygon,"-0.115688885593036,51.5069247406889,-0.114163409490901,51.50724727755375,-0.11271958465862,51.50777287888453,-0.111094235835295,51.507982907624644,-0.109014157541213,51.50821185810154,-0.109063366349902,51.50769768749896,-0.108489193609542,51.507339124246144,-0.108445179514139,51.50685787487618,-0.108060595880389,51.506249451453435,-0.108230718957654,51.50577334223282,-0.107203875033521,51.505559640624945,-0.106587922885148,51.5048846703407,-0.10674931794554,51.50416309397838,-0.106751351672862,51.50354910367339,-0.106643477790488,51.503022983557,-0.106411206989904,51.50247813424691,-0.106251401698416,51.50192321387881,-0.106999236746969,51.501631226430405,-0.107652751066416,51.5013333565661,-0.108306226496858,51.50105796386874,-0.109446772558915,51.501241875075095,-0.115688885593036,51.5069247406889",3,Lambeth,20,Waterloo Road (1st),14088,8.1,SouthwarkVauxhall_Lambeth,2,0.236592,0.763408,0,more_Lambeth,10,9,1,0,0,0,26.196682,0.902083,,193,58,139.784167,39.942153,13807,14521,130.102049,84.857854,57,144.329151,56.226196,Lambeth,4015,3,17791,510341,"Waterloo Road, 1st",14088,1,TRUE,TRUE,20
,,,MultiPolygon,"-0.115688885593036,51.5069247406889,-0.109446772558915,51.501241875075095,-0.108306226496858,51.50105796386874,-0.108712068947191,51.50065169484421,-0.108986448351277,51.50013623702365,-0.109455368179974,51.499706815035545,-0.109819161636868,51.4992716220899,-0.11008950619459,51.49885318823124,-0.110630917274637,51.49804204338895,-0.111419391687712,51.49837664939218,-0.112949541934666,51.49878444852421,-0.11385050135547,51.49929606224992,-0.114775627953661,51.4997462335749,-0.115748191766541,51.500509510346674,-0.116470043811038,51.5006054112655,-0.117222322341993,51.50066231328278,-0.118412249629267,51.5006098918936,-0.119150396323196,51.50074762823038,-0.119902005408565,51.50073340494796,-0.120379259400306,51.501215271393505,-0.12014677454175,51.50205052149055,-0.119742738790935,51.5026119798693,-0.119312634975189,51.50350012264724,-0.119178066752129,51.50394688928474,-0.118830642346735,51.5044013418726,-0.118229767504148,51.505083566063135,-0.117976003404206,51.50590919671725,-0.116997434756448,51.50646760699585,-0.115688885593036,51.5069247406889",3,Lambeth,21,Waterloo Road (2nd),18348,8.4,SouthwarkVauxhall_Lambeth,2,0.373706,0.626294,0,less_Lambeth,36,25,8,1,2,0,35.835387,6.842487,,243,117,133.980261,62.674095,18137,18668,130.102049,84.857854,75,152.954294,70.73111,Lambeth,4015,3,17791,510341,"Waterloo Road, 2nd",18348,7,TRUE,TRUE,21
,,,MultiPolygon,"-0.101375919596264,51.50242145388091,-0.101244064141283,51.50191053655543,-0.100482656948246,51.50176992185914,-0.099614653344626,51.501897211474564,-0.098809330260272,51.50207623455544,-0.097913121907,51.50186414685408,-0.097529459831141,51.50231907393026,-0.096829775653451,51.50303148293259,-0.09604796533198,51.50286170404128,-0.095329233749256,51.502604704743035,-0.094777624504867,51.50227060701627,-0.093763415366459,51.50255593940844,-0.093106529682718,51.50325553331439,-0.092852979638326,51.50372028885367,-0.091511753206577,51.50353295062503,-0.091838745906691,51.503013470294945,-0.092045470276727,51.50254879811898,-0.092387583568824,51.50211976905003,-0.092625420001938,51.50166459449345,-0.092993990799363,51.50124863978875,-0.093817756937288,51.5006494128526,-0.094424027424502,51.50034171527614,-0.095608415040132,51.499709835611235,-0.0964627372461,51.4992402142942,-0.09725392939172,51.49875087485179,-0.098432310593333,51.499018548594705,-0.099173657096912,51.499055718244456,-0.100573362263714,51.49885203724716,-0.101581781534673,51.49878968096141,-0.102600275774382,51.49870148487317,-0.103597828196672,51.49859706380428,-0.104455228169476,51.498463110260964,-0.105213661254251,51.49819673772775,-0.106076600346613,51.49762475523221,-0.106834137300811,51.497444630286495,-0.107658862934795,51.49722919288641,-0.108919077817716,51.49702133513747,-0.110125148535115,51.49670720974069,-0.111114125911473,51.496830492107044,-0.111148414122713,51.497373267811014,-0.110630917274637,51.49804204338895,-0.11008950619459,51.49885318823124,-0.109819161636868,51.4992716220899,-0.109455368179974,51.499706815035545,-0.108986448351277,51.50013623702365,-0.108712068947191,51.50065169484421,-0.108306226496858,51.50105796386874,-0.107652751066416,51.5013333565661,-0.106999236746969,51.501631226430405,-0.106251401698416,51.50192321387881,-0.105378027001499,51.501919786188914,-0.104224993527131,51.501884853913296,-0.102880980452125,51.50219851465675,-0.101375919596264,51.50242145388091",6,St. George Southwark,15,Borough Road,15862,7.7,SouthwarkVauxhall_Lambeth,2,0.561958,0.438042,0,less_Lambeth,71,61,7,0,0,3,66.972485,9.859458,,312,270,199.552287,166.584403,15635,16208,130.102049,84.857854,103,165.642081,96.929431,"St. George, Southwark",282,0,6663,155175,Borough Road,15862,26,TRUE,TRUE,15
,,,MultiPolygon,"-0.092625420001938,51.50166459449345,-0.092387583568824,51.50211976905003,-0.092045470276727,51.50254879811898,-0.091838745906691,51.503013470294945,-0.090828099701651,51.50265249386416,-0.089892432681204,51.50211400230498,-0.089106131929531,51.50177268260589,-0.089389417526681,51.50085598000735,-0.088077716069229,51.50050342255195,-0.086296903124734,51.49922581157892,-0.08616689567572,51.49865350361247,-0.08576911822803,51.498218177178856,-0.084841386791147,51.497365032814436,-0.083800202805697,51.49646653734158,-0.084329181299031,51.49607297390998,-0.083834708880163,51.495045781183904,-0.082110377451887,51.49393187684371,-0.081577070764912,51.49359548550848,-0.08047511655054,51.4923928177834,-0.079588181578565,51.491987960789146,-0.078789417680733,51.4911780475516,-0.077928829307756,51.490875478757026,-0.077469043770896,51.4903980775741,-0.076320937446293,51.49001813911699,-0.076927302786328,51.48904437731373,-0.07767267638042,51.48851071920248,-0.078667541677098,51.488145119304356,-0.079507315755184,51.48881336957077,-0.080639404123932,51.48946742980601,-0.081746957073399,51.48999897474601,-0.082362685065096,51.49060157395447,-0.083579503803713,51.490911759017884,-0.084001818988551,51.4914899713432,-0.084745426881282,51.49213595671847,-0.085711443345045,51.492867906548646,-0.086787605215495,51.49337837592809,-0.087899147277234,51.49325908745543,-0.088429042450914,51.49365651570953,-0.089281597634688,51.49467083602254,-0.087948102230037,51.495273664633835,-0.087283540719343,51.496114032211885,-0.087544485552693,51.49725837996357,-0.089373138105872,51.49825236149791,-0.089640196942389,51.49929507482021,-0.090209966781933,51.50014080573075,-0.090758558034781,51.50078273169522,-0.091955934035755,51.50145839638574,-0.092625420001938,51.50166459449345",6,St. George Southwark,14,Kent Road,18126,7.1,SouthwarkVauxhall_Lambeth,2,0.683467,0.225837,0.090696,less_Lambeth,57,52,5,0,0,0,40.185229,11.693782,0.000000,267,174,156.911142,91.903026,17016,18933,130.102049,84.857854,128,157.181045,119.93045,"St. George, Southwark",282,0,6663,155175,Kent Road,18126,37,TRUE,TRUE,14
,,,MultiPolygon,"-0.110630917274637,51.49804204338895,-0.111148414122713,51.497373267811014,-0.111114125911473,51.496830492107044,-0.111305990446334,51.49639308722381,-0.111862799732966,51.49599247048966,-0.114726703822429,51.49434162189084,-0.115677652210455,51.49387959775375,-0.116629481626939,51.493417579842756,-0.119078880044528,51.49154836222512,-0.119727684623944,51.49092184081558,-0.120546396762746,51.48892175556875,-0.12122689591255,51.486865775797305,-0.122357042367619,51.48630933700139,-0.123363339744269,51.486444597540185,-0.124813089298097,51.487247051468394,-0.124061541309171,51.48792324285672,-0.122669996647781,51.48958286316742,-0.122447719280503,51.49124601897351,-0.122055228355066,51.49192401138366,-0.121555812169487,51.49487428253148,-0.121412333390376,51.495385683730305,-0.121078468970695,51.49605997545657,-0.121092270529864,51.496622090384854,-0.121040140568722,51.497320426172124,-0.12061370139687,51.49947854915463,-0.120375564936455,51.50032017288231,-0.119902005408565,51.50073340494796,-0.119150396323196,51.50074762823038,-0.118412249629267,51.5006098918936,-0.117222322341993,51.50066231328278,-0.116470043811038,51.5006054112655,-0.115748191766541,51.500509510346674,-0.114775627953661,51.4997462335749,-0.11385050135547,51.49929606224992,-0.112949541934666,51.49878444852421,-0.111419391687712,51.49837664939218,-0.110630917274637,51.49804204338895",3,Lambeth,22,Lambeth Church (1st),18409,7.5,SouthwarkVauxhall_Lambeth,2,0.169753,0.830247,0,more_Lambeth,18,6,9,0,1,2,19.20009,5.888505,,215,49,116.7907,26.617415,18409,18409,130.102049,84.857854,49,140.302747,50.27499,Lambeth,4015,3,17791,510341,"Lambeth Church, 1st",18409,9,TRUE,TRUE,22
,,,MultiPolygon,"-0.111114125911473,51.496830492107044,-0.110125148535115,51.49670720974069,-0.108919077817716,51.49702133513747,-0.107658862934795,51.49722919288641,-0.106834137300811,51.497444630286495,-0.106076600346613,51.49762475523221,-0.105213661254251,51.49819673772775,-0.104455228169476,51.498463110260964,-0.103597828196672,51.49859706380428,-0.102600275774382,51.49870148487317,-0.101581781534673,51.49878968096141,-0.100573362263714,51.49885203724716,-0.099173657096912,51.499055718244456,-0.098432310593333,51.499018548594705,-0.09725392939172,51.49875087485179,-0.09815021919284,51.498180755809614,-0.099474629667418,51.496842661856284,-0.100026014446448,51.496271996834345,-0.100485321630546,51.49546841947265,-0.100624408751637,51.49500333929533,-0.100664089882264,51.49452526771892,-0.100682264014101,51.494066378522795,-0.101444278458184,51.49408096607509,-0.10314625581349,51.49377100590265,-0.104130868078098,51.49356351896548,-0.104760289790942,51.49380075566654,-0.10552629810842,51.49389266117372,-0.106465715277719,51.49405859985752,-0.107397192652316,51.49422074959399,-0.108244634692353,51.4945207805939,-0.109521571134259,51.49508205104008,-0.111285729107328,51.49542381211412,-0.111862799732966,51.49599247048966,-0.111305990446334,51.49639308722381,-0.111114125911473,51.496830492107044",6,St. George Southwark,16,London Road,17836,7.5,SouthwarkVauxhall_Lambeth,2,0.160198,0.669582,0.170221,more_Lambeth,29,21,8,0,0,0,71.367636,6.504660,0.000000,257,93,146.941109,50.631533,17490,18368,130.102049,84.857854,54,114.986613,50.371789,"St. George, Southwark",282,0,6663,155175,London Road,17836,9,TRUE,TRUE,16
,,,MultiPolygon,"-0.111862799732966,51.49599247048966,-0.111285729107328,51.49542381211412,-0.109521571134259,51.49508205104008,-0.108244634692353,51.4945207805939,-0.107397192652316,51.49422074959399,-0.106465715277719,51.49405859985752,-0.10552629810842,51.49389266117372,-0.104760289790942,51.49380075566654,-0.104130868078098,51.49356351896548,-0.10314625581349,51.49377100590265,-0.102423686346816,51.491397358725166,-0.105180931516527,51.490952269733505,-0.106497135453825,51.49008452954376,-0.108194865418131,51.48991620194304,-0.109621669539735,51.48937605163717,-0.110754420571244,51.48887048947279,-0.111109981566517,51.487738937715555,-0.112489795999368,51.48746215285921,-0.114067290912186,51.48712853399342,-0.11619105887133,51.48690764775284,-0.117824775756618,51.48673787206262,-0.118515066688755,51.48658933182777,-0.119461893816805,51.4865070068507,-0.121041880716537,51.48613258694096,-0.122357042367619,51.48630933700139,-0.12122689591255,51.486865775797305,-0.120546396762746,51.48892175556875,-0.119727684623944,51.49092184081558,-0.119078880044528,51.49154836222512,-0.116629481626939,51.493417579842756,-0.115677652210455,51.49387959775375,-0.114726703822429,51.49434162189084,-0.111862799732966,51.49599247048966",3,Lambeth,23,Lambeth Church (2nd),26784,7,SouthwarkVauxhall_Lambeth,2,0.326116,0.63683,0.037054,less_Lambeth,53,34,13,1,0,5,37.152567,7.274464,9.617113,544,193,209.512806,68.776281,25965,28062,130.102049,84.857854,71,143.675576,65.570672,Lambeth,4015,3,17791,510341,"Lambeth Church, 2nd",26784,11,TRUE,TRUE,23
,,,MultiPolygon,"-0.127785641402991,51.485358057713896,-0.125320109449513,51.48689138127088,-0.124813089298097,51.487247051468394,-0.123363339744269,51.486444597540185,-0.122357042367619,51.48630933700139,-0.121041880716537,51.48613258694096,-0.119461893816805,51.4865070068507,-0.118515066688755,51.48658933182777,-0.117824775756618,51.48673787206262,-0.11619105887133,51.48690764775284,-0.114067290912186,51.48712853399342,-0.112489795999368,51.48746215285921,-0.111109981566517,51.487738937715555,-0.110754420571244,51.48887048947279,-0.109621669539735,51.48937605163717,-0.108194865418131,51.48991620194304,-0.106497135453825,51.49008452954376,-0.105180931516527,51.490952269733505,-0.102423686346816,51.491397358725166,-0.10294538952496,51.49084516851548,-0.103762116862743,51.490190819696885,-0.10418499948034,51.48958939342764,-0.10546461253581,51.488192197014044,-0.106788427330316,51.48718210044169,-0.107530957224691,51.486099099089806,-0.11739421662053,51.47758565101007,-0.117926397367079,51.47701108170346,-0.118458564610151,51.476436509791014,-0.12165525769215,51.47293611531415,-0.122861484857521,51.47242501116805,-0.124068584578004,51.47191390868294,-0.126715583144655,51.46935863852923,-0.127589124950223,51.46991425474799,-0.128048405167138,51.470411824640344,-0.128603145279778,51.470951944960774,-0.128697024517831,51.47160470270343,-0.129769790584344,51.472175705843824,-0.130258097243602,51.4727348510302,-0.130663886578302,51.47361767570404,-0.131198224685311,51.47395400086671,-0.131598791201927,51.474348610776126,-0.13203256930984,51.47472351508054,-0.133010812356378,51.47523171983167,-0.133971160167061,51.47549528657461,-0.133091211252182,51.47612818192807,-0.133390452695203,51.47666870630221,-0.131797059070279,51.478989826999225,-0.129584734221984,51.48083625184644,-0.128606230455473,51.48325692133114,-0.128216107077976,51.48385909751742,-0.127743329858961,51.484764716235,-0.127785641402991,51.485358057713896",3,Lambeth,24,Kennington (1st),24261,6.1,SouthwarkVauxhall_Lambeth,2,0.66962,0.110225,0.220154,less_Lambeth,71,63,5,3,0,0,34.335663,16.554757,4.973103,187,303,81.56678,110.579906,22926,27401,130.102049,84.857854,141,134.730589,118.790645,Lambeth,4015,3,17791,510341,"Kennington, 1st",24261,12,TRUE,TRUE,24
,,,MultiPolygon,"-0.054466632135089,51.486577654719916,-0.054653683067707,51.48537836230558,-0.054688020329185,51.48484653924865,-0.057427637857099,51.48517831749612,-0.058206520985052,51.485194731242416,-0.060677902782397,51.48514500263711,-0.062776565101237,51.48537205179483,-0.064336742594487,51.484774234270546,-0.065650050284014,51.48396788196823,-0.067231225045275,51.48357397151082,-0.069055778532254,51.48346984507425,-0.070522422210443,51.48337834862686,-0.072386325001253,51.4831732293325,-0.073484632876057,51.48327755266878,-0.073612981116791,51.48273111116957,-0.074112198259716,51.48192800821136,-0.073609450448992,51.48106334228495,-0.073710597508192,51.48041458401208,-0.073931425676215,51.47938195157776,-0.073463656212025,51.47845687779035,-0.073808797366204,51.47752843850963,-0.074797371846301,51.477264497915236,-0.076541009342015,51.4768736928024,-0.078041773338961,51.476457523476675,-0.079298126963805,51.47693111450055,-0.080232215207391,51.477642216699195,-0.081247523402627,51.47807010811115,-0.083598955179124,51.47842414907097,-0.084429522603134,51.478665206325154,-0.085552378477814,51.47891215442595,-0.086410191784157,51.479255371333345,-0.0870460640206,51.478922903686104,-0.087346558990708,51.479356360129984,-0.088661998687015,51.4796480103418,-0.089350178571947,51.48010969992062,-0.089885132997833,51.480425850639996,-0.091516433158029,51.479707151275946,-0.092353107939086,51.47984652245796,-0.092709590882063,51.47928452276036,-0.093536788700811,51.47958630084872,-0.094424789439682,51.479401352808424,-0.09540900972249,51.47921838257354,-0.096377779243174,51.47931982540718,-0.097197525292496,51.47917407451096,-0.098139933191436,51.47919526561075,-0.098290426543326,51.479991584647614,-0.097724030697597,51.48138158958822,-0.097967379072415,51.4822610510776,-0.0969592872723,51.48228094577108,-0.095417658147735,51.48255407633612,-0.094645679292041,51.482416059753184,-0.094133336377001,51.48287324102075,-0.093845882176431,51.48335543355048,-0.093623229401801,51.483859333816255,-0.09183537826449,51.483883225348166,-0.090137764296676,51.484031083655125,-0.089036445511707,51.48455733367949,-0.087533972426192,51.4847091775667,-0.084279605549419,51.485808372803625,-0.08306227448213,51.48624330773181,-0.08157135173085,51.48676157282062,-0.080475038957292,51.487186096121626,-0.078667541677098,51.488145119304356,-0.07767267638042,51.48851071920248,-0.076927302786328,51.48904437731373,-0.076320937446293,51.49001813911699,-0.074069154408397,51.4896152902123,-0.073168572115615,51.489600776483655,-0.071948271882891,51.489204854985445,-0.070967224614351,51.489326560222075,-0.069936115429343,51.48916262010311,-0.06916324676083,51.48904479526078,-0.067602527707363,51.48850369609243,-0.06660275405765,51.48779127102826,-0.065519133005723,51.48742282711816,-0.064757613639539,51.48710170190506,-0.063722953742723,51.48644951668027,-0.062317482472417,51.486603061353264,-0.06164197147411,51.487056703508664,-0.060330267731825,51.48784266406815,-0.059728218124705,51.48815545494457,-0.059066615060371,51.48836524681545,-0.058025171584462,51.48867904528674,-0.056637821726808,51.48870074305392,-0.054082383464345,51.48837298791667,-0.054668416145387,51.487041543346436,-0.054466632135089,51.486577654719916",2,Camberwell,28,St. George  Camberwell,15849,5.6,SouthwarkVauxhall_Lambeth,2,0.311699,0.511955,0.176346,less_Lambeth,42,30,9,2,0,1,56.159847,10.257705,6.617669,176,132,120.729867,77.021823,14578,17138,130.102049,84.857854,86,121.745668,64.952728,Camberwell,4342,4,6843,180418,St. George,15849,6,TRUE,TRUE,28
,,,MultiPolygon,"-0.126715583144655,51.46935863852923,-0.124068584578004,51.47191390868294,-0.122861484857521,51.47242501116805,-0.12165525769215,51.47293611531415,-0.118458564610151,51.476436509791014,-0.117926397367079,51.47701108170346,-0.11739421662053,51.47758565101007,-0.107530957224691,51.486099099089806,-0.107066577329186,51.48568286255316,-0.106429196254854,51.485466304174025,-0.105929877752367,51.485089824907824,-0.106349314980185,51.48456968995124,-0.106972387076548,51.483870741313126,-0.107198316338249,51.48330588846995,-0.107323682810226,51.48279997146643,-0.108878843493756,51.482872695889874,-0.11003271259433,51.48257107941477,-0.110034536889693,51.48196087766077,-0.110413778641034,51.48156204239952,-0.109457770245432,51.48123723126977,-0.108294771320699,51.48054206299709,-0.10725602896903,51.480520663347185,-0.105843174838221,51.48081708543243,-0.103887551101684,51.480939335435174,-0.10326991891033,51.48035719239444,-0.102841500049634,51.47990091269029,-0.102455703228248,51.47924200410248,-0.101768855214056,51.47816006486104,-0.101483842658615,51.477654112914124,-0.10193938645429,51.47717434203597,-0.10271394592595,51.47635927769903,-0.103329264635299,51.47580241793133,-0.102728678319095,51.475505359444995,-0.10342997113912,51.47515376944738,-0.104783081906982,51.47477491602603,-0.105037093641108,51.47429201603994,-0.105529011885051,51.473041141609585,-0.105628135432877,51.47184321424498,-0.104777308487048,51.470788429645204,-0.105826042267475,51.47060669684502,-0.107071625585569,51.47040860218567,-0.108027502752783,51.47014343357338,-0.109400857486107,51.46998868579698,-0.110250183459171,51.46988420982248,-0.110921477434052,51.47008106217201,-0.112293922078663,51.46992626589016,-0.114357220503662,51.470192432206886,-0.116203351556004,51.46970152172759,-0.116991334072856,51.46953460882364,-0.118899580140755,51.46908554190855,-0.119805975081974,51.46855504540265,-0.120527458185882,51.467837651287304,-0.121612662612828,51.46700566419873,-0.123070121879651,51.4664863588561,-0.124685983660546,51.46603125286785,-0.126257592410463,51.46579896764734,-0.127893013531713,51.46556810192349,-0.12932751038392,51.46547535995923,-0.129182088622278,51.4663468659109,-0.128443634261466,51.46677922963352,-0.128183953229717,51.46736381732007,-0.126715583144655,51.46935863852923",3,Lambeth,25,Kennington (2nd),18848,5.7,SouthwarkVauxhall_Lambeth,2,0.444951,0.304527,0.250521,less_Lambeth,38,34,3,1,0,0,37.124256,4.786151,1.939306,153,142,86.080792,68.988971,17774,20583,130.102049,84.857854,105,118.320118,81.818747,Lambeth,4015,3,17791,510341,"Kennington, 2nd",18848,6,TRUE,TRUE,25
,,,MultiPolygon,"-0.127785641402991,51.485358057713896,-0.127743329858961,51.484764716235,-0.128216107077976,51.48385909751742,-0.128606230455473,51.48325692133114,-0.129584734221984,51.48083625184644,-0.131797059070279,51.478989826999225,-0.133390452695203,51.47666870630221,-0.133091211252182,51.47612818192807,-0.133971160167061,51.47549528657461,-0.135017165681153,51.47478437400546,-0.136024848819355,51.47375430944227,-0.13809078441351,51.47204018792155,-0.140192019285027,51.47102534081627,-0.141284276387861,51.471230662075754,-0.143963938877075,51.470329173698225,-0.145786307578062,51.46908471732703,-0.147995680264185,51.468458402829,-0.148854181460511,51.46819094299273,-0.150123050926894,51.46792668366741,-0.151698993328832,51.467646700246256,-0.151457489573228,51.46635958053421,-0.151505632636586,51.465686468603685,-0.151429887309778,51.464807888357925,-0.151181695803854,51.46330598748787,-0.151027686738251,51.46222618750909,-0.150770767012836,51.46144746354688,-0.150474917271116,51.46034978735152,-0.150044411436613,51.4589767329747,-0.1494706787039,51.457540693092795,-0.149154018460883,51.45695882781139,-0.148775366503982,51.456004530399106,-0.148592747071077,51.45547590109462,-0.148433683174915,51.4549954385214,-0.147989435450691,51.45400065684347,-0.147804254842871,51.45353571233715,-0.148494620243896,51.45339754611661,-0.149455423083179,51.453640762850775,-0.150151838785844,51.45337017382035,-0.151048300327418,51.45300185045586,-0.151407728037071,51.45240202241586,-0.151359599811837,51.451900014824254,-0.152225213459628,51.45130033412132,-0.153018123501178,51.451012423911834,-0.153768460328659,51.4507864223547,-0.154817577735931,51.45060266985907,-0.155486306827318,51.450412923506306,-0.156335713714314,51.450213498138794,-0.15732172683377,51.45010383218698,-0.158110557444579,51.4499159587126,-0.159094547680157,51.44985631364416,-0.159824816676745,51.44962995840152,-0.160769531523833,51.44972030945642,-0.161377983681498,51.44928514327685,-0.162728150240147,51.44892581350235,-0.163539020348528,51.44833208271092,-0.162758466250599,51.44776723050769,-0.162664957834085,51.44709413219603,-0.161956644689777,51.44532196243304,-0.161549073150112,51.44493612313631,-0.161128719882131,51.44431747255236,-0.160124250851708,51.44368712463784,-0.159736279186348,51.4430691175161,-0.15951342033268,51.44239342311509,-0.161155443682563,51.44204009930996,-0.164018443737507,51.44153053154952,-0.165626907937702,51.442760573571114,-0.166024572560801,51.44439571630899,-0.166887027975419,51.4458571507275,-0.168357600625437,51.44745257225207,-0.169587812733068,51.44871810068136,-0.170597190133641,51.45044679912738,-0.171219441842487,51.45094730483849,-0.171435031068806,51.451765196782425,-0.172122019879601,51.452267128711995,-0.172665361668333,51.45301017849773,-0.173099209292741,51.45399516128683,-0.173704874059522,51.454800438777404,-0.174404304850018,51.45566871583648,-0.174853925109659,51.45695898099744,-0.175280384280104,51.45808617471374,-0.175613017032323,51.4591301306113,-0.176954303084014,51.45834335252821,-0.177754364635421,51.458562759663806,-0.17885315269264,51.458645872049985,-0.179489727399472,51.45949234570885,-0.179836570931185,51.46027221321651,-0.180467344127107,51.46122031908849,-0.181851736548955,51.4626310016787,-0.182069227707158,51.46401838064109,-0.184766930925762,51.46517047475206,-0.182647817363838,51.46653148791983,-0.180441441266843,51.467707745802294,-0.179676036604242,51.46925859709743,-0.178835049388357,51.4704010767137,-0.178025585681742,51.47156441386624,-0.177700851064774,51.4727579018152,-0.177202647666744,51.473561451761505,-0.177145344672154,51.47402817194908,-0.1769517995303,51.47459379920556,-0.176717598158056,51.47532122128965,-0.176490048742506,51.47592678529728,-0.175610759054617,51.476580380486745,-0.174932224405761,51.47770568849623,-0.174661391163721,51.479123976374275,-0.172646918821808,51.47973458135302,-0.171769128735971,51.48034742409073,-0.170563496073934,51.48042486838019,-0.169607673574933,51.480670032510815,-0.168292334720867,51.480969148869,-0.167468611960222,51.48119668798494,-0.163387283460774,51.481582459958666,-0.160745595863847,51.48238340073367,-0.157284470472939,51.482720376477204,-0.15623139324964,51.48296348220517,-0.154930169146679,51.482998234655156,-0.15387288480318,51.48332274791789,-0.152856423332328,51.48350541932571,-0.151337717715655,51.48335278046503,-0.150299399269852,51.48394185692452,-0.1488786523277,51.48377077923113,-0.147186300639956,51.483838191551975,-0.145445145706921,51.4835996232313,-0.143869358890922,51.48332360176387,-0.143091289473415,51.48328739652251,-0.142084911837449,51.48328733283167,-0.141112569571726,51.4832471930852,-0.140372812436446,51.483110129936634,-0.138597692031295,51.48291138729668,-0.136152084092862,51.48308526969011,-0.134752810564092,51.483117818132754,-0.133458566795201,51.483620337247196,-0.132749549390925,51.483524462719636,-0.131882160549306,51.483933859367006,-0.13118599588753,51.48418411260669,-0.130424237050862,51.484453268181035,-0.129791983562928,51.4847251869621,-0.128939027773754,51.48489072856354,-0.127785641402991,51.485358057713896",9,Wandsworth,8,Battersea,10560,6,SouthwarkVauxhall,1,0.678323,0,0.321677,dirty_none,54,42,0,4,8,0,50.960858,,30.703254,111,171,115.408609,140.740741,9618,12150,134.861083,146.611474,154,120.384856,121.828557,Wandsworth,11695,24,6459,193395,Battersea,10560,11,FALSE,TRUE,8
,,,MultiPolygon,"-0.098139933191436,51.47919526561075,-0.097197525292496,51.47917407451096,-0.096377779243174,51.47931982540718,-0.09540900972249,51.47921838257354,-0.094424789439682,51.479401352808424,-0.093536788700811,51.47958630084872,-0.092709590882063,51.47928452276036,-0.092353107939086,51.47984652245796,-0.091516433158029,51.479707151275946,-0.089885132997833,51.480425850639996,-0.089350178571947,51.48010969992062,-0.088661998687015,51.4796480103418,-0.087346558990708,51.479356360129984,-0.0870460640206,51.478922903686104,-0.086410191784157,51.479255371333345,-0.085552378477814,51.47891215442595,-0.084429522603134,51.478665206325154,-0.083598955179124,51.47842414907097,-0.081247523402627,51.47807010811115,-0.080232215207391,51.477642216699195,-0.079298126963805,51.47693111450055,-0.078041773338961,51.476457523476675,-0.077759318412435,51.47600424518731,-0.077895371021304,51.47531558863565,-0.0773010391651,51.47491663164062,-0.076314746547371,51.474550303061164,-0.075050418858004,51.474503558096416,-0.072828785075502,51.47417241329437,-0.07116357268659,51.47375118112013,-0.071200847320177,51.47308085892183,-0.070483794699316,51.471987835673744,-0.070493037497843,51.471235556288384,-0.070041918576028,51.47002606728782,-0.069741641887647,51.46959270860409,-0.069670562408643,51.46912335853914,-0.069601236946547,51.468633803805325,-0.067466607881918,51.468487353419484,-0.06654440660624,51.468142652360754,-0.066212669464893,51.46768825091093,-0.065979797637772,51.46721552693636,-0.066472919855875,51.46653431720807,-0.066305636487765,51.466042722994715,-0.066216994803046,51.46530864029647,-0.065922020330627,51.46479400309444,-0.066216338771632,51.463600164553306,-0.06665335509742,51.46275517699428,-0.066223491999087,51.461749480171804,-0.065824243052662,51.46076494162163,-0.06602321261913,51.459548734274826,-0.065423734697517,51.458661636539816,-0.065112730933467,51.45727205421176,-0.063894959271713,51.45631188007319,-0.063310585316556,51.45585110122552,-0.062817433259603,51.45511103350741,-0.062472330214181,51.45459288811429,-0.061713824947882,51.45366169078212,-0.061316662331603,51.45322628477357,-0.060950107390292,51.452811757677814,-0.060547106773402,51.45234463744591,-0.060063967145753,51.45183712759718,-0.059383471311022,51.45125342359206,-0.05860020019145,51.45071691294624,-0.05709757008367,51.44939285306012,-0.056157825779941,51.44892808808907,-0.054778812986912,51.44818267796918,-0.05522791734689,51.44775218798216,-0.055894179247005,51.44699658180894,-0.056500850715716,51.446647355593775,-0.057384073791783,51.44620101882539,-0.058729331853953,51.44510761008826,-0.059083269255178,51.444651190384256,-0.059390016118748,51.444188747999014,-0.059864026137692,51.4432965977518,-0.060053735990893,51.44284721812603,-0.060467191638483,51.44242873365194,-0.060642699266839,51.44161892253827,-0.060638692238136,51.4410766246301,-0.062654300398077,51.44105094154619,-0.064973056832061,51.44136394188095,-0.066599690844091,51.4424353406745,-0.067474279883039,51.44304356152442,-0.068236203642403,51.44391379810311,-0.069495622595859,51.44461124607571,-0.070392814405408,51.44481317886655,-0.071000865119635,51.44553768332196,-0.071460185120676,51.44603548263849,-0.072054102738233,51.44643432624719,-0.072689068488513,51.44669164496257,-0.073376905295296,51.44772305872558,-0.074036787310396,51.448692746230655,-0.0744577488227,51.44929135151181,-0.075253118085151,51.45014185607441,-0.075885885827994,51.45100935761619,-0.076521287672121,51.45183615068851,-0.076811986815447,51.452432047375616,-0.077100988163097,51.45306852288659,-0.077205335756199,51.453518181469136,-0.077866717284229,51.4538777743429,-0.07868819194943,51.45428129737443,-0.080025627974216,51.45589561233006,-0.081548287627066,51.45710700838111,-0.08341752851931,51.458508680844375,-0.08400915897444,51.45896840549241,-0.084460952566136,51.45958799091465,-0.084992186390588,51.459965087171064,-0.086097802173838,51.461086426797934,-0.086609224707173,51.4618088466291,-0.086857403529174,51.462586966344354,-0.087664469656453,51.46325462909489,-0.087889809495811,51.46386938224182,-0.088478952591673,51.46436979056819,-0.089044489555158,51.46586630709157,-0.089766197300164,51.46687779584014,-0.090519502931052,51.46793068277414,-0.091285184105755,51.46817035492493,-0.091015592441156,51.46893764532113,-0.091643193173549,51.4693167004689,-0.09246270600447,51.47092018507597,-0.092310220900214,51.47248298194598,-0.092577750041408,51.47409532686941,-0.093072755390059,51.475691980193254,-0.096528638639766,51.475458544799025,-0.097508483558036,51.47535684134711,-0.098013226980502,51.47445199942194,-0.097117311330975,51.47364035202298,-0.096902120535512,51.47284255881625,-0.096796640392782,51.47239290213278,-0.09650212360263,51.47185797833799,-0.096982840375374,51.471400273497785,-0.097574353004507,51.47068020647846,-0.100237453392074,51.47067434986211,-0.101285296005396,51.47081792275385,-0.103054733561804,51.470769846026414,-0.104777308487048,51.470788429645204,-0.105628135432877,51.47184321424498,-0.105529011885051,51.473041141609585,-0.105037093641108,51.47429201603994,-0.104783081906982,51.47477491602603,-0.10342997113912,51.47515376944738,-0.102728678319095,51.475505359444995,-0.103329264635299,51.47580241793133,-0.10271394592595,51.47635927769903,-0.10193938645429,51.47717434203597,-0.101483842658615,51.477654112914124,-0.101768855214056,51.47816006486104,-0.101018167113948,51.47822589210823,-0.099826928862174,51.47832335652331,-0.098139933191436,51.47919526561075",2,Camberwell,11,Camberwell,17742,6.2,SouthwarkVauxhall,1,0.60074,0,0.39926,dirty_none,96,96,0,0,0,0,84.457921,,0.000000,235,240,138.790456,126.84319,16932,18921,134.861083,146.611474,151,106.591347,107.869631,Camberwell,4342,4,6843,180418,Camberwell,17742,9,FALSE,TRUE,11
,,,MultiPolygon,"-0.12932751038392,51.46547535995923,-0.127893013531713,51.46556810192349,-0.126257592410463,51.46579896764734,-0.124685983660546,51.46603125286785,-0.123070121879651,51.4664863588561,-0.121612662612828,51.46700566419873,-0.120527458185882,51.467837651287304,-0.119805975081974,51.46855504540265,-0.118899580140755,51.46908554190855,-0.116991334072856,51.46953460882364,-0.116203351556004,51.46970152172759,-0.114357220503662,51.470192432206886,-0.112293922078663,51.46992626589016,-0.110921477434052,51.47008106217201,-0.110250183459171,51.46988420982248,-0.109400857486107,51.46998868579698,-0.108027502752783,51.47014343357338,-0.107071625585569,51.47040860218567,-0.105826042267475,51.47060669684502,-0.104777308487048,51.470788429645204,-0.103054733561804,51.470769846026414,-0.101285296005396,51.47081792275385,-0.100237453392074,51.47067434986211,-0.097574353004507,51.47068020647846,-0.096982840375374,51.471400273497785,-0.09650212360263,51.47185797833799,-0.096796640392782,51.47239290213278,-0.096902120535512,51.47284255881625,-0.097117311330975,51.47364035202298,-0.098013226980502,51.47445199942194,-0.097508483558036,51.47535684134711,-0.096528638639766,51.475458544799025,-0.093072755390059,51.475691980193254,-0.092577750041408,51.47409532686941,-0.092310220900214,51.47248298194598,-0.09246270600447,51.47092018507597,-0.091643193173549,51.4693167004689,-0.091015592441156,51.46893764532113,-0.091285184105755,51.46817035492493,-0.090519502931052,51.46793068277414,-0.089766197300164,51.46687779584014,-0.089044489555158,51.46586630709157,-0.088478952591673,51.46436979056819,-0.087889809495811,51.46386938224182,-0.087664469656453,51.46325462909489,-0.088299262384826,51.46294237103658,-0.090192304887546,51.46216810227966,-0.091817807792266,51.46155089483979,-0.092938328144775,51.460679278299,-0.09355957718588,51.4600209768516,-0.094472059720637,51.45936867080704,-0.094802868969547,51.45868400315443,-0.094136429221603,51.457836293596266,-0.092691535820403,51.45695217133397,-0.091553182901254,51.4564200812456,-0.090609858657315,51.45587162567575,-0.090118767187959,51.45537338641099,-0.089627637353546,51.45485477039787,-0.089922247917754,51.45404686059828,-0.090662462800736,51.4531880373843,-0.091353633977351,51.453525978640776,-0.092094603349373,51.45357597802331,-0.092856891360883,51.45341667852337,-0.093929061657327,51.45339814571454,-0.095131552738423,51.45338242332285,-0.096218054684219,51.4536896641217,-0.096634173057147,51.454369463885264,-0.097382497913518,51.454913722635794,-0.098228809519456,51.45546012811989,-0.09957277031563,51.45522352501251,-0.100106228579237,51.454400493575065,-0.100885641145405,51.45380654131322,-0.101350093792922,51.453106316101035,-0.101666957848149,51.45260238020795,-0.100734717045175,51.451850867673016,-0.10061577122957,51.451075573666444,-0.100949853398961,51.45032996038437,-0.101007896763332,51.44986328342945,-0.101975391390287,51.449395176444746,-0.102200356380812,51.44885068923538,-0.103014585928682,51.44821667929908,-0.104172868550511,51.44722360513563,-0.104867060506689,51.44642436847357,-0.107756959955377,51.446402625299925,-0.110365811426455,51.446761418316,-0.111358617862468,51.44700560612084,-0.11219222613768,51.44659567758674,-0.112059447772176,51.446064098015235,-0.111214872392454,51.44549758615679,-0.111371591425412,51.445012682388004,-0.112451218936319,51.44485190538185,-0.113591298297051,51.444773587041674,-0.114457189541911,51.444954022518935,-0.116017055239596,51.444925147184456,-0.116969833583226,51.444720979972686,-0.118716161497995,51.444838102860444,-0.119722579019329,51.44540785887099,-0.119823928896562,51.44591841079287,-0.122170076699554,51.44869202206783,-0.12249627851674,51.4492477637184,-0.12359296248868,51.4487821106057,-0.123895969472192,51.44799504819982,-0.123669387739968,51.447400578709626,-0.124203977841988,51.446536990971836,-0.12524631487981,51.447066806765,-0.126327751528788,51.44745504235616,-0.127056712726081,51.44777496949205,-0.12637479701135,51.44837121419969,-0.126279677022245,51.449508242795154,-0.126002267147796,51.45041782298389,-0.126136188051728,51.451518888687005,-0.126240187656567,51.451988728686025,-0.126589459561909,51.45270781796376,-0.12646017497329,51.453294908032156,-0.126808626332027,51.454034357189116,-0.12713326031234,51.45463066709393,-0.127445152641114,51.45545060394498,-0.127655684547655,51.45632948054472,-0.127719730677486,51.456940876097114,-0.127774421768469,51.457714972476914,-0.128074344098103,51.45816854862322,-0.1284850930606,51.45897010812004,-0.128465155941409,51.46108501653525,-0.128519868532471,51.461858971806464,-0.128612071214332,51.46255231104635,-0.128857578740003,51.463391275834105,-0.129109056979291,51.464128466071735,-0.129041929682339,51.46475771900968,-0.12932751038392,51.46547535995923",3,Lambeth,26,Brixton,14610,6.1,SouthwarkVauxhall_Lambeth,2,0.137275,0.640768,0.221957,less_Lambeth,9,5,2,0,0,2,22.366132,1.916643,0.000000,81,48,59.602649,29.474977,13590,16285,130.102049,84.857854,50,107.3251,48.740433,Lambeth,4015,3,17791,510341,Brixton,14610,2,TRUE,TRUE,26
,,,MultiPolygon,"-0.133971160167061,51.47549528657461,-0.133010812356378,51.47523171983167,-0.13203256930984,51.47472351508054,-0.131598791201927,51.474348610776126,-0.131198224685311,51.47395400086671,-0.130663886578302,51.47361767570404,-0.130258097243602,51.4727348510302,-0.129769790584344,51.472175705843824,-0.128697024517831,51.47160470270343,-0.128603145279778,51.470951944960774,-0.128048405167138,51.470411824640344,-0.127589124950223,51.46991425474799,-0.126715583144655,51.46935863852923,-0.128183953229717,51.46736381732007,-0.128443634261466,51.46677922963352,-0.129182088622278,51.4663468659109,-0.12932751038392,51.46547535995923,-0.129041929682339,51.46475771900968,-0.129109056979291,51.464128466071735,-0.128857578740003,51.463391275834105,-0.128612071214332,51.46255231104635,-0.128519868532471,51.461858971806464,-0.128465155941409,51.46108501653525,-0.1284850930606,51.45897010812004,-0.128074344098103,51.45816854862322,-0.127774421768469,51.457714972476914,-0.127719730677486,51.456940876097114,-0.127655684547655,51.45632948054472,-0.127445152641114,51.45545060394498,-0.12713326031234,51.45463066709393,-0.126808626332027,51.454034357189116,-0.12646017497329,51.453294908032156,-0.126589459561909,51.45270781796376,-0.126240187656567,51.451988728686025,-0.126136188051728,51.451518888687005,-0.126002267147796,51.45041782298389,-0.126279677022245,51.449508242795154,-0.12637479701135,51.44837121419969,-0.127056712726081,51.44777496949205,-0.12777153719364,51.447383014712244,-0.128836602698317,51.44689629356432,-0.128928435048081,51.446410050696926,-0.129505620279871,51.44595403486879,-0.130161883120424,51.445235260159976,-0.130236561410724,51.44446392969653,-0.130731867148996,51.44372150789677,-0.131338789708894,51.443306845642766,-0.132525749507121,51.44355465141913,-0.133989100369743,51.44291334501286,-0.134655647955523,51.44260148432085,-0.135346870127127,51.4424122556789,-0.13588821066508,51.44201647921924,-0.136983076256317,51.44176704505554,-0.138180522731419,51.44194726622395,-0.138961014294672,51.442176150948285,-0.139860998679691,51.4423617326682,-0.140676574947832,51.442276596357075,-0.142230078741522,51.441759001447025,-0.143128637289817,51.44166141188573,-0.143771877304976,51.44236599705514,-0.14405164029106,51.443185240721455,-0.144696565853792,51.443849099583524,-0.143685781404359,51.44422917444215,-0.142775309625937,51.44456267273829,-0.141596662177275,51.444988906325776,-0.14076678885068,51.445369936837345,-0.139786847292223,51.445492370536265,-0.13880262510083,51.44567570918331,-0.137877383527406,51.446107605334014,-0.138557316197688,51.447196059977536,-0.139530230526956,51.44660576915563,-0.140258948323832,51.4463358920887,-0.141349537345886,51.44599193942276,-0.143397274226597,51.44593179378493,-0.145487192525615,51.44600086444973,-0.145851105633254,51.44647592190192,-0.145741789250523,51.44728717925804,-0.145143971946087,51.44781810158606,-0.144642113792127,51.44868244106913,-0.144012992928341,51.44891373662535,-0.143401910871826,51.449409752924076,-0.142940747816012,51.45011230102213,-0.14269868232791,51.45071449398669,-0.142305540875329,51.45164516859592,-0.142873723088744,51.45194137179008,-0.144463656013878,51.45216698603675,-0.145709573307502,51.45270911257888,-0.146929719792951,51.453169958776336,-0.147804254842871,51.45353571233715,-0.147989435450691,51.45400065684347,-0.148433683174915,51.4549954385214,-0.148592747071077,51.45547590109462,-0.148775366503982,51.456004530399106,-0.149154018460883,51.45695882781139,-0.1494706787039,51.457540693092795,-0.150044411436613,51.4589767329747,-0.150474917271116,51.46034978735152,-0.150770767012836,51.46144746354688,-0.151027686738251,51.46222618750909,-0.151181695803854,51.46330598748787,-0.151429887309778,51.464807888357925,-0.151505632636586,51.465686468603685,-0.151457489573228,51.46635958053421,-0.151698993328832,51.467646700246256,-0.150123050926894,51.46792668366741,-0.148854181460511,51.46819094299273,-0.147995680264185,51.468458402829,-0.145786307578062,51.46908471732703,-0.143963938877075,51.470329173698225,-0.141284276387861,51.471230662075754,-0.140192019285027,51.47102534081627,-0.13809078441351,51.47204018792155,-0.136024848819355,51.47375430944227,-0.135017165681153,51.47478437400546,-0.133971160167061,51.47549528657461",9,Wandsworth,27,Clapham,16290,6.1,SouthwarkVauxhall_Lambeth,2,0.511969,0.007995,0.480036,less_Lambeth,24,19,0,5,0,0,21.444369,0.000000,6.018655,114,165,72.974011,95.342656,15622,17306,130.102049,84.857854,157,93.589348,93.769526,Wandsworth,11695,24,6459,193395,Clapham,16290,10,TRUE,TRUE,27
,,,MultiPolygon,"-0.087664469656453,51.46325462909489,-0.086857403529174,51.462586966344354,-0.086609224707173,51.4618088466291,-0.086097802173838,51.461086426797934,-0.084992186390588,51.459965087171064,-0.084460952566136,51.45958799091465,-0.08400915897444,51.45896840549241,-0.08341752851931,51.458508680844375,-0.081548287627066,51.45710700838111,-0.080025627974216,51.45589561233006,-0.07868819194943,51.45428129737443,-0.077866717284229,51.4538777743429,-0.077205335756199,51.453518181469136,-0.077100988163097,51.45306852288659,-0.076811986815447,51.452432047375616,-0.076521287672121,51.45183615068851,-0.075885885827994,51.45100935761619,-0.075253118085151,51.45014185607441,-0.0744577488227,51.44929135151181,-0.074036787310396,51.448692746230655,-0.073376905295296,51.44772305872558,-0.072689068488513,51.44669164496257,-0.072054102738233,51.44643432624719,-0.071460185120676,51.44603548263849,-0.071000865119635,51.44553768332196,-0.070392814405408,51.44481317886655,-0.069495622595859,51.44461124607571,-0.068236203642403,51.44391379810311,-0.067474279883039,51.44304356152442,-0.066599690844091,51.4424353406745,-0.064973056832061,51.44136394188095,-0.062654300398077,51.44105094154619,-0.060638692238136,51.4410766246301,-0.061372318413341,51.4401901930996,-0.062274387418412,51.43906150617395,-0.062600172243565,51.438568483732624,-0.063409526066782,51.43801588063833,-0.064254712421459,51.437423537162246,-0.064824959699962,51.43668090941644,-0.065067286259482,51.43624050337965,-0.065922835904166,51.435465373868965,-0.066541505711336,51.43484777799665,-0.067580656186667,51.43425931281797,-0.068558557830688,51.433608706990036,-0.071142074997761,51.43266612951867,-0.073115636793988,51.432198934589806,-0.074102057107632,51.43138557095111,-0.075090700087823,51.42996227786992,-0.075340958956542,51.42897086799465,-0.075194469206828,51.42811359391032,-0.075161462382,51.42766099149493,-0.074547838185002,51.42692043249963,-0.074323708665204,51.4262851533544,-0.07558511074693,51.4251928845009,-0.075847809789102,51.424567848962525,-0.076843165342598,51.42302254695147,-0.077352014847449,51.4220366398265,-0.077746237651422,51.42080408021258,-0.078264086202724,51.42024547023369,-0.078964705344903,51.419894016583825,-0.079498894322223,51.42021020970372,-0.079669120200015,51.421210346188246,-0.080076097953561,51.42205277328238,-0.080811645261168,51.42282062897597,-0.083282729431632,51.424458536181895,-0.083484988693711,51.42491021390685,-0.08378166693579,51.4254044641557,-0.086019684698399,51.4271392469662,-0.086551412711857,51.42749597419443,-0.087196125725583,51.42813992019642,-0.088619701355502,51.42879993900991,-0.089478301907468,51.429102546785245,-0.090100097121439,51.43133246741817,-0.090489837053024,51.433069345665494,-0.090922579375015,51.434034255116885,-0.091517602478929,51.43557199667201,-0.092153632541575,51.436968205519904,-0.093002371813896,51.43861292131596,-0.093430084452885,51.439679467727295,-0.093787373852656,51.44025631266775,-0.094131990747299,51.440662511359854,-0.093346456343559,51.44175232089509,-0.093913917091534,51.44263861499053,-0.094135805262479,51.443314423998764,-0.094780001424924,51.44397854982383,-0.095077942896619,51.44468594309295,-0.095431561594514,51.44552533611487,-0.095769604680818,51.44632864477471,-0.095955462131109,51.4467689314132,-0.096828541518081,51.447987140796975,-0.098281732991151,51.44868840496471,-0.099146582707596,51.449479031117136,-0.099410383090124,51.44999293829841,-0.099347148987508,51.4505408856842,-0.10061577122957,51.451075573666444,-0.100734717045175,51.451850867673016,-0.101666957848149,51.45260238020795,-0.101350093792922,51.453106316101035,-0.100885641145405,51.45380654131322,-0.100106228579237,51.454400493575065,-0.09957277031563,51.45522352501251,-0.098228809519456,51.45546012811989,-0.097382497913518,51.454913722635794,-0.096634173057147,51.454369463885264,-0.096218054684219,51.4536896641217,-0.095131552738423,51.45338242332285,-0.093929061657327,51.45339814571454,-0.092856891360883,51.45341667852337,-0.092094603349373,51.45357597802331,-0.091353633977351,51.453525978640776,-0.090662462800736,51.4531880373843,-0.089922247917754,51.45404686059828,-0.089627637353546,51.45485477039787,-0.090118767187959,51.45537338641099,-0.090609858657315,51.45587162567575,-0.091553182901254,51.4564200812456,-0.092691535820403,51.45695217133397,-0.094136429221603,51.457836293596266,-0.094802868969547,51.45868400315443,-0.094472059720637,51.45936867080704,-0.09355957718588,51.4600209768516,-0.092938328144775,51.460679278299,-0.091817807792266,51.46155089483979,-0.090192304887546,51.46216810227966,-0.088299262384826,51.46294237103658,-0.087664469656453,51.46325462909489",2,Camberwell,31,Dulwich,1632,6.3,Lambeth,3,0,0.02472,0.97528,all,0,0,0,0,0,0,,0.000000,0.000000,1,0,6.127451,0,1632,1632,,,27,,,Camberwell,4342,4,6843,180418,Dulwich,1632,0,TRUE,FALSE,31
,,,MultiPolygon,"-0.094131990747299,51.440662511359854,-0.093787373852656,51.44025631266775,-0.093430084452885,51.439679467727295,-0.093002371813896,51.43861292131596,-0.092153632541575,51.436968205519904,-0.091517602478929,51.43557199667201,-0.090922579375015,51.434034255116885,-0.090489837053024,51.433069345665494,-0.090100097121439,51.43133246741817,-0.089478301907468,51.429102546785245,-0.088619701355502,51.42879993900991,-0.087196125725583,51.42813992019642,-0.086551412711857,51.42749597419443,-0.086019684698399,51.4271392469662,-0.08378166693579,51.4254044641557,-0.083484988693711,51.42491021390685,-0.083282729431632,51.424458536181895,-0.080811645261168,51.42282062897597,-0.080076097953561,51.42205277328238,-0.079669120200015,51.421210346188246,-0.079498894322223,51.42021020970372,-0.080334775238624,51.419762587300156,-0.081430733363142,51.41988718173579,-0.082768574523969,51.41975240556985,-0.086505232788718,51.41962673550157,-0.087546871801581,51.41956701903036,-0.088019498320972,51.42039039616365,-0.088841314966659,51.42077362511255,-0.090296174392715,51.42145465022597,-0.091666578191158,51.42245928316558,-0.093295205257588,51.422920249583626,-0.094647427595126,51.423110994187795,-0.095364882341585,51.423044531907536,-0.096240582334275,51.42304232001281,-0.098042364966004,51.422733786161245,-0.100518705313325,51.42311046965037,-0.102668461826864,51.422951527247676,-0.103654015509225,51.42272776706053,-0.104774767869598,51.42299502103844,-0.105845381733378,51.422996732153294,-0.107618865861339,51.423175727326786,-0.108935409477814,51.42342657149532,-0.110685148744219,51.42346265940186,-0.111743806537943,51.42366744229739,-0.113669699977796,51.42403244792951,-0.114418643280918,51.42398689032318,-0.115627176399747,51.42384895581536,-0.115605857426828,51.42539436654991,-0.11539564542007,51.42626453879895,-0.115224578753909,51.42760337964646,-0.112710351594685,51.427897476399515,-0.112443050892719,51.428624106237876,-0.112534890751765,51.429297224160415,-0.11248121759321,51.430272343777936,-0.112823242220927,51.432292907723216,-0.112769448001366,51.434427374095634,-0.113214528707307,51.43634842734863,-0.113543062641402,51.43804334850145,-0.113886939645002,51.43945370130338,-0.113404106714347,51.441131910302616,-0.113369994021495,51.441741455465916,-0.112519529186636,51.44244969782081,-0.112082510850477,51.44389118350939,-0.113007991504189,51.444174599752,-0.113591298297051,51.444773587041674,-0.112451218936319,51.44485190538185,-0.111371591425412,51.445012682388004,-0.111214872392454,51.44549758615679,-0.112059447772176,51.446064098015235,-0.11219222613768,51.44659567758674,-0.111358617862468,51.44700560612084,-0.110365811426455,51.446761418316,-0.107756959955377,51.446402625299925,-0.104867060506689,51.44642436847357,-0.103591639478389,51.443103160684025,-0.103681447605308,51.44147792809037,-0.10233381184854,51.4412060106039,-0.10083984667665,51.44064633056859,-0.100434911120161,51.43976340689056,-0.10001796430587,51.439083605229946,-0.097980788253385,51.43896021818688,-0.097180389650298,51.43935035163474,-0.096361063442095,51.440065594111125,-0.095809161208779,51.440664336700465,-0.094857225239677,51.440847971689884,-0.094131990747299,51.440662511359854",3,Lambeth,29,Norwood,3977,6.6,Lambeth,3,0,0.273631,0.726369,all,8,0,2,1,5,0,,16.821869,19.010976,2,10,5.334756,23.01496,3749,4345,,,27,,,Lambeth,4015,3,17791,510341,Norwood,3977,0,TRUE,FALSE,29
,,,MultiPolygon,"-0.085711443345045,51.492867906548646,-0.084745426881282,51.49213595671847,-0.084001818988551,51.4914899713432,-0.083579503803713,51.490911759017884,-0.082362685065096,51.49060157395447,-0.081746957073399,51.48999897474601,-0.080639404123932,51.48946742980601,-0.079507315755184,51.48881336957077,-0.078667541677098,51.488145119304356,-0.080475038957292,51.487186096121626,-0.08157135173085,51.48676157282062,-0.08306227448213,51.48624330773181,-0.084279605549419,51.485808372803625,-0.087533972426192,51.4847091775667,-0.089036445511707,51.48455733367949,-0.090137764296676,51.484031083655125,-0.09183537826449,51.483883225348166,-0.093623229401801,51.483859333816255,-0.093845882176431,51.48335543355048,-0.094133336377001,51.48287324102075,-0.094645679292041,51.482416059753184,-0.095417658147735,51.48255407633612,-0.0969592872723,51.48228094577108,-0.097967379072415,51.4822610510776,-0.097724030697597,51.48138158958822,-0.098290426543326,51.479991584647614,-0.098139933191436,51.47919526561075,-0.099826928862174,51.47832335652331,-0.101018167113948,51.47822589210823,-0.101768855214056,51.47816006486104,-0.102455703228248,51.47924200410248,-0.102841500049634,51.47990091269029,-0.10326991891033,51.48035719239444,-0.103887551101684,51.480939335435174,-0.105843174838221,51.48081708543243,-0.10725602896903,51.480520663347185,-0.108294771320699,51.48054206299709,-0.109457770245432,51.48123723126977,-0.110413778641034,51.48156204239952,-0.110034536889693,51.48196087766077,-0.11003271259433,51.48257107941477,-0.108878843493756,51.482872695889874,-0.107323682810226,51.48279997146643,-0.107198316338249,51.48330588846995,-0.106972387076548,51.483870741313126,-0.106349314980185,51.48456968995124,-0.105929877752367,51.485089824907824,-0.105057827926293,51.48526593881608,-0.104257710062214,51.48620354447669,-0.101665570752917,51.48675569557171,-0.099078308561809,51.48718905135639,-0.099046208209923,51.487960843779895,-0.099191954462262,51.48903256242828,-0.097448069000966,51.4897765941996,-0.094457918840148,51.490737989852576,-0.09214823540732,51.49135393050958,-0.09032641187436,51.49168072827061,-0.088624498171234,51.491415365186,-0.086992853616175,51.49174521097666,-0.085711443345045,51.492867906548646",4,Newington,18,St. Peter Walworth,29861,6.1,SouthwarkVauxhall_Lambeth,2,0.532219,0.467781,0,less_Lambeth,90,84,4,0,0,2,52.47001,2.842755,,446,388,157.086503,128.989362,28392,30080,130.102049,84.857854,103,163.569866,92.22262,Newington,624,-1,9370,207460,"St. Peter, Walworth",29861,23,TRUE,TRUE,18
,,,MultiPolygon,"-0.089106131929531,51.50177268260589,-0.088727745874703,51.50218551463402,-0.08767745759983,51.502234713315524,-0.086658629822922,51.50237125052062,-0.085807791942921,51.50232406536153,-0.084853557347091,51.502144090501986,-0.084277141085021,51.5017807333454,-0.083474308943431,51.50232824769885,-0.082758253665911,51.50241700769587,-0.082014267046693,51.50209853235872,-0.082326480205398,51.500723694873926,-0.082155881562798,51.499074271665336,-0.082305751201361,51.49778935430131,-0.082863142472059,51.49707993669795,-0.083800202805697,51.49646653734158,-0.084841386791147,51.497365032814436,-0.08576911822803,51.498218177178856,-0.08616689567572,51.49865350361247,-0.086296903124734,51.49922581157892,-0.088077716069229,51.50050342255195,-0.089389417526681,51.50085598000735,-0.089106131929531,51.50177268260589",1,Bermondsey,6,Leather Market,15295,6.7,SouthwarkVauxhall,1,0.922355,0,0.077645,dirty_none,81,81,0,0,0,0,54.397087,,0.000000,226,237,153.178799,146.803766,14754,16144,134.861083,146.611474,150,176.526354,178.643325,Bermondsey,688,0,5674,107821,Leather Market,15295,23,FALSE,TRUE,6
,,,MultiPolygon,"-0.107530957224691,51.486099099089806,-0.106788427330316,51.48718210044169,-0.10546461253581,51.488192197014044,-0.10418499948034,51.48958939342764,-0.103762116862743,51.490190819696885,-0.10294538952496,51.49084516851548,-0.102423686346816,51.491397358725166,-0.10314625581349,51.49377100590265,-0.101444278458184,51.49408096607509,-0.100682264014101,51.494066378522795,-0.100664089882264,51.49452526771892,-0.100624408751637,51.49500333929533,-0.100485321630546,51.49546841947265,-0.100026014446448,51.496271996834345,-0.099474629667418,51.496842661856284,-0.096922167733561,51.49554933179479,-0.094673106840634,51.495081844237475,-0.093243413722787,51.49388883706664,-0.092809664183869,51.49246574648535,-0.09214823540732,51.49135393050958,-0.094457918840148,51.490737989852576,-0.097448069000966,51.4897765941996,-0.099191954462262,51.48903256242828,-0.099046208209923,51.487960843779895,-0.099078308561809,51.48718905135639,-0.101665570752917,51.48675569557171,-0.104257710062214,51.48620354447669,-0.105057827926293,51.48526593881608,-0.105929877752367,51.485089824907824,-0.106429196254854,51.485466304174025,-0.107066577329186,51.48568286255316,-0.107530957224691,51.486099099089806",4,Newington,19,St. Mary Newington,14033,6.1,SouthwarkVauxhall_Lambeth,2,0.237955,0.511776,0.250269,less_Lambeth,21,19,1,1,0,0,54.618732,1.336603,2.733219,143,92,104.723544,62.931801,13655,14619,130.102049,84.857854,74,108.424856,57.858918,Newington,624,-1,9370,207460,St. Mary,14033,5,TRUE,TRUE,19
,,,MultiPolygon,"-0.099474629667418,51.496842661856284,-0.09815021919284,51.498180755809614,-0.09725392939172,51.49875087485179,-0.0964627372461,51.4992402142942,-0.095608415040132,51.499709835611235,-0.094424027424502,51.50034171527614,-0.093817756937288,51.5006494128526,-0.092993990799363,51.50124863978875,-0.092625420001938,51.50166459449345,-0.091955934035755,51.50145839638574,-0.090758558034781,51.50078273169522,-0.090209966781933,51.50014080573075,-0.089640196942389,51.49929507482021,-0.089373138105872,51.49825236149791,-0.087544485552693,51.49725837996357,-0.087283540719343,51.496114032211885,-0.087948102230037,51.495273664633835,-0.089281597634688,51.49467083602254,-0.088429042450914,51.49365651570953,-0.087899147277234,51.49325908745543,-0.086787605215495,51.49337837592809,-0.085711443345045,51.492867906548646,-0.086992853616175,51.49174521097666,-0.088624498171234,51.491415365186,-0.09032641187436,51.49168072827061,-0.09214823540732,51.49135393050958,-0.092809664183869,51.49246574648535,-0.093243413722787,51.49388883706664,-0.094673106840634,51.495081844237475,-0.096922167733561,51.49554933179479,-0.099474629667418,51.496842661856284",4,Newington,17,Trinity Newington,20922,6.5,SouthwarkVauxhall_Lambeth,2,0.508535,0.491465,0,less_Lambeth,58,52,6,0,0,0,47.928047,5.722241,,318,210,153.9877,98.42981,20651,21335,130.102049,84.857854,100,161.938152,88.638239,Newington,624,-1,9370,207460,Trinity,20922,11,TRUE,TRUE,17
,,,MultiPolygon,"-0.083800202805697,51.49646653734158,-0.082863142472059,51.49707993669795,-0.082305751201361,51.49778935430131,-0.082155881562798,51.499074271665336,-0.082326480205398,51.500723694873926,-0.082014267046693,51.50209853235872,-0.080898715405842,51.50181472012059,-0.08013677394699,51.501774006710086,-0.079344365069031,51.50166548541887,-0.078664043596734,51.501140217971866,-0.078777612348616,51.500516812151346,-0.078817714887329,51.50001290017082,-0.077765931236687,51.49960631350897,-0.077077400668999,51.499426976412884,-0.075946055107066,51.50001218892094,-0.075328014591691,51.50027575954925,-0.074018841261093,51.500207898026545,-0.073905880230156,51.49957903224244,-0.074322089034162,51.49913910527261,-0.075054105646756,51.49875400133574,-0.075556040275424,51.49816655645124,-0.075296652294629,51.49677237269807,-0.07548485167287,51.496080497897964,-0.075752515862039,51.49538992672148,-0.076873459057088,51.49520975390782,-0.078460784591895,51.495285414659385,-0.079328707298035,51.49544855383271,-0.078952208514311,51.49494598438275,-0.077939963912577,51.494432995199126,-0.076777157136896,51.49371896685799,-0.075610208527601,51.49310413926436,-0.075664523152022,51.491814383316395,-0.07595513220716,51.490578144737526,-0.076320937446293,51.49001813911699,-0.077469043770896,51.4903980775741,-0.077928829307756,51.490875478757026,-0.078789417680733,51.4911780475516,-0.079588181578565,51.491987960789146,-0.08047511655054,51.4923928177834,-0.081577070764912,51.49359548550848,-0.082110377451887,51.49393187684371,-0.083834708880163,51.495045781183904,-0.084329181299031,51.49607297390998,-0.083800202805697,51.49646653734158",1,Bermondsey,5,St. Mary Magdalen,13934,7.5,SouthwarkVauxhall,1,1,0,0,dirty_none,87,83,0,0,4,0,53.749514,,,259,244,200.123628,158.01062,12942,15442,134.861083,146.611474,160,199.389367,201.780519,Bermondsey,688,0,5674,107821,St. Mary Magdalen,13934,27,FALSE,TRUE,5
,,,MultiPolygon,"-0.060042767198922,51.500934965989835,-0.058846900384697,51.50082848299335,-0.057595072490643,51.5011275554242,-0.056091871472305,51.50104827070578,-0.05545623337415,51.501489471398195,-0.051841982579505,51.502914233620366,-0.049434259821626,51.50433890374278,-0.045735543497233,51.50622660801756,-0.04384706895796,51.507104417811256,-0.041822166529358,51.507488409323955,-0.040163005719049,51.50760814779147,-0.038632443883646,51.507484258320716,-0.036208385782812,51.507075059818604,-0.034770296617264,51.50663318606965,-0.03388104936897,51.506249648136546,-0.032945901043456,51.50510349126349,-0.032358602054875,51.50411061661458,-0.031902209555807,51.502710533723956,-0.032209049080369,51.501183614748214,-0.032401135494665,51.49946654748127,-0.032622816327775,51.497061859643914,-0.032586497162162,51.49581509001346,-0.032627930460059,51.4941989987452,-0.03127005931417,51.49108322518283,-0.038680587911425,51.489847284900534,-0.044579737687316,51.48866553156072,-0.044008612950186,51.4869252635023,-0.044740779766846,51.486676677709035,-0.046294627534393,51.48674999521339,-0.047387028370883,51.48695786162676,-0.048424786847585,51.48666692373832,-0.049408406482424,51.486754416778226,-0.05092128664537,51.48689811771915,-0.052187721034993,51.486587238723374,-0.053412154396415,51.486370483996524,-0.054466632135089,51.486577654719916,-0.054668416145387,51.487041543346436,-0.054082383464345,51.48837298791667,-0.056637821726808,51.48870074305392,-0.058025171584462,51.48867904528674,-0.058305344889186,51.48918319779132,-0.058781615903962,51.48994576203395,-0.058948033856006,51.49045772477052,-0.05901727184382,51.490947283221615,-0.059585076976072,51.49182362625139,-0.059591749354081,51.49228137723694,-0.058916991097316,51.4927146424922,-0.058030352752597,51.492879112640956,-0.057421239672623,51.49331373750848,-0.05729266512595,51.49386015799171,-0.057223635763277,51.49450957496802,-0.058111275635025,51.49489438022822,-0.05936055128033,51.49577484046661,-0.059834318052122,51.49659833893169,-0.059616566234654,51.497570014197194,-0.060188384330031,51.49837518083426,-0.060192130038337,51.499453373645984,-0.06000228437295,51.499937380256675,-0.060037426527528,51.500466980491964,-0.060042767198922,51.500934965989835",5,Rotherhithe,7,Rotherhithe,17805,6.4,SouthwarkVauxhall,1,0.779876,0,0.220124,dirty_none,103,68,0,0,35,0,45.481908,,82.938389,352,282,207.681869,147.097178,16949,19171,134.861083,146.611474,160,141.172803,142.865801,Rotherhithe,886,0,2420,59072,Rotherhithe,17805,20,FALSE,TRUE,7
,,,MultiPolygon,"-0.078041773338961,51.476457523476675,-0.076541009342015,51.4768736928024,-0.074797371846301,51.477264497915236,-0.073808797366204,51.47752843850963,-0.073463656212025,51.47845687779035,-0.073931425676215,51.47938195157776,-0.073710597508192,51.48041458401208,-0.073609450448992,51.48106334228495,-0.074112198259716,51.48192800821136,-0.073612981116791,51.48273111116957,-0.073484632876057,51.48327755266878,-0.072386325001253,51.4831732293325,-0.070522422210443,51.48337834862686,-0.069055778532254,51.48346984507425,-0.067231225045275,51.48357397151082,-0.065650050284014,51.48396788196823,-0.064336742594487,51.484774234270546,-0.062776565101237,51.48537205179483,-0.060677902782397,51.48514500263711,-0.058206520985052,51.485194731242416,-0.057427637857099,51.48517831749612,-0.054688020329185,51.48484653924865,-0.054635182173061,51.484184422103674,-0.054584347202716,51.483475267202806,-0.054488950935216,51.48296714539281,-0.054480966031,51.482097255098424,-0.054433618997115,51.480862087647374,-0.05400920630123,51.479921213835205,-0.054077387031763,51.479376744221106,-0.054054479944416,51.47775796711398,-0.054011442591996,51.47595661363964,-0.053705994559786,51.47420963722399,-0.054554905607597,51.47221653036599,-0.05395719689436,51.47044918721436,-0.053629420158213,51.469526829188716,-0.053472036279387,51.4689129382197,-0.047853233152843,51.46583953213839,-0.040802730816625,51.46381318416166,-0.040912900963537,51.459933687018584,-0.042688739929969,51.45898427349206,-0.042600792069084,51.45842333275029,-0.045680882459324,51.457076040018045,-0.046355808551806,51.455688609083204,-0.045529589376732,51.45406635376463,-0.048101491396193,51.45281542588938,-0.049278110778214,51.4514712976725,-0.052566359521634,51.45047696049567,-0.054778812986912,51.44818267796918,-0.056157825779941,51.44892808808907,-0.05709757008367,51.44939285306012,-0.05860020019145,51.45071691294624,-0.059383471311022,51.45125342359206,-0.060063967145753,51.45183712759718,-0.060547106773402,51.45234463744591,-0.060950107390292,51.452811757677814,-0.061316662331603,51.45322628477357,-0.061713824947882,51.45366169078212,-0.062472330214181,51.45459288811429,-0.062817433259603,51.45511103350741,-0.063310585316556,51.45585110122552,-0.063894959271713,51.45631188007319,-0.065112730933467,51.45727205421176,-0.065423734697517,51.458661636539816,-0.06602321261913,51.459548734274826,-0.065824243052662,51.46076494162163,-0.066223491999087,51.461749480171804,-0.06665335509742,51.46275517699428,-0.066216338771632,51.463600164553306,-0.065922020330627,51.46479400309444,-0.066216994803046,51.46530864029647,-0.066305636487765,51.466042722994715,-0.066472919855875,51.46653431720807,-0.065979797637772,51.46721552693636,-0.066212669464893,51.46768825091093,-0.06654440660624,51.468142652360754,-0.067466607881918,51.468487353419484,-0.069601236946547,51.468633803805325,-0.069670562408643,51.46912335853914,-0.069741641887647,51.46959270860409,-0.070041918576028,51.47002606728782,-0.070493037497843,51.471235556288384,-0.070483794699316,51.471987835673744,-0.071200847320177,51.47308085892183,-0.07116357268659,51.47375118112013,-0.072828785075502,51.47417241329437,-0.075050418858004,51.474503558096416,-0.076314746547371,51.474550303061164,-0.0773010391651,51.47491663164062,-0.077895371021304,51.47531558863565,-0.077759318412435,51.47600424518731,-0.078041773338961,51.476457523476675",2,Camberwell,12,Peckham,19444,5.6,SouthwarkVauxhall,1,0.304909,0,0.695091,dirty_none,59,59,0,0,0,0,87.232966,,0.000000,92,174,51.659273,78.44198,17809,22182,134.861083,146.611474,151,67.019113,67.822831,Camberwell,4342,4,6843,180418,Peckham,19444,7,FALSE,TRUE,12
,,,MultiPolygon,"-0.231857518156219,51.43759341067115,-0.240602321592998,51.43551150914533,-0.245872436273432,51.43415996158697,-0.250985114409024,51.43306987084683,-0.250815964146218,51.43431585156066,-0.254276468826985,51.43597340157975,-0.254096506127368,51.43684252924999,-0.254515765113077,51.43739938840649,-0.254321884738834,51.43802923436767,-0.254664296526564,51.43992391359987,-0.254764175393005,51.44067499131353,-0.255470833399237,51.44126347812304,-0.254034240851457,51.442966435730185,-0.253337919692712,51.44437493032267,-0.252889267057219,51.446028051737706,-0.252705116159913,51.4478244384268,-0.252682455059052,51.44871328582527,-0.253368033063635,51.44911772397613,-0.254405605653044,51.44948359729508,-0.255446532228156,51.44976190640825,-0.256906185153169,51.450090235162605,-0.258961584944991,51.45318694422327,-0.259401906195316,51.45551572600895,-0.257221347465401,51.45907930606388,-0.257279033632493,51.459553317862486,-0.256509434613576,51.45987308394135,-0.257484517531892,51.460124157155114,-0.256651843380951,51.462099026485554,-0.252567194844701,51.46591808466617,-0.251372122628904,51.465474428930946,-0.248649134474153,51.46537825048703,-0.24672166154708,51.4654049803462,-0.245561487156202,51.465517211235614,-0.244137560714825,51.46555143233606,-0.241873119114472,51.46509171843227,-0.240388540032926,51.46516200883461,-0.237820828778973,51.46488278664647,-0.236149598115778,51.46441336359385,-0.234697509863858,51.46441002172937,-0.233696149469464,51.46424684286978,-0.233497711862297,51.46478070775593,-0.233240028599253,51.465313679550945,-0.233457700771505,51.46581678933543,-0.23243200714233,51.46628264877751,-0.233198188399913,51.467164271022824,-0.232248046542626,51.468742000344015,-0.231302123320494,51.48786459483856,-0.22956351385998,51.48690959863308,-0.228513811365239,51.48551558444802,-0.227479265378328,51.48373230862573,-0.226948734371204,51.481327483306345,-0.226748111677955,51.479077444228885,-0.226713364998334,51.4775897979364,-0.226290736014899,51.47606926351647,-0.225169821215739,51.47386960141163,-0.223683633881911,51.47245245164099,-0.222770358788771,51.471672539913165,-0.221589951200656,51.470715264563154,-0.219576735434512,51.46907434948812,-0.21695091673775,51.46745538900696,-0.215785358910579,51.466781628102886,-0.215077205991348,51.46666603100031,-0.213980956603705,51.465912233985414,-0.212004932436653,51.46583265792824,-0.211045586900456,51.46493914835825,-0.209867488249546,51.46450919811776,-0.20879916681375,51.46444735733997,-0.207585448245801,51.464077679629874,-0.208162486759985,51.46299081994639,-0.209051008315632,51.46217455668113,-0.209593134744319,51.46112762290715,-0.210772446485652,51.45970682603688,-0.21166821493096,51.458748319265965,-0.212755632241143,51.4572239516199,-0.213656967043639,51.4561435537981,-0.215066757315336,51.45527645446698,-0.216383037045786,51.454325999645484,-0.21795451828138,51.45346202831178,-0.218854075533296,51.45242217072496,-0.220012457959412,51.451387360448464,-0.220504366752196,51.45068512293644,-0.221190111303493,51.44968176560456,-0.224059505898806,51.446624826474746,-0.231804609668521,51.43806847215126,-0.231857518156219,51.43759341067115",9,Wandsworth,10,Putney,5280,5.7,SouthwarkVauxhall,1,0.017756,0,0.982244,dirty_none,1,0,0,1,0,0,0,,1.860180,8,9,15.518914,16.444363,5155,5473,134.861083,146.611474,160,42.715596,43.227858,Wandsworth,11695,24,6459,193395,Putney,5280,0,FALSE,TRUE,10
,,,MultiPolygon,"-0.184106990447522,51.42744936571871,-0.184799162804805,51.42726975220535,-0.185760872580037,51.428074773238784,-0.186034646854304,51.42965623819154,-0.189505735997295,51.42907901474289,-0.191851974009125,51.43142849740265,-0.191783515922363,51.43316238959515,-0.19158405176375,51.43515952721176,-0.193423472561434,51.438497666109306,-0.191758560036176,51.43933332803338,-0.19202426755693,51.43997277686652,-0.192774745500698,51.43998434954572,-0.193744933162884,51.4398652148378,-0.195363662447194,51.43962197004951,-0.198810218323077,51.439272714970734,-0.201610837032532,51.43898049473129,-0.20635693070842,51.43831572809433,-0.215333582532681,51.4364414202494,-0.219747198107621,51.436039226820654,-0.224288729011056,51.43510245384507,-0.232155858970017,51.43389941734403,-0.231857518156219,51.43759341067115,-0.231804609668521,51.43806847215126,-0.224059505898806,51.446624826474746,-0.221190111303493,51.44968176560456,-0.220504366752196,51.45068512293644,-0.220012457959412,51.451387360448464,-0.218854075533296,51.45242217072496,-0.21795451828138,51.45346202831178,-0.216383037045786,51.454325999645484,-0.215066757315336,51.45527645446698,-0.213656967043639,51.4561435537981,-0.212755632241143,51.4572239516199,-0.21166821493096,51.458748319265965,-0.210772446485652,51.45970682603688,-0.209593134744319,51.46112762290715,-0.209051008315632,51.46217455668113,-0.208162486759985,51.46299081994639,-0.207585448245801,51.464077679629874,-0.205068606499383,51.46378387291825,-0.202982219689118,51.46272564349951,-0.200572766345601,51.46286095121853,-0.196555416265092,51.46270002623746,-0.194985950662118,51.46291291113454,-0.193144919173841,51.462734068969816,-0.19159045691209,51.46327255646637,-0.190181076639865,51.4635089225526,-0.189483930046128,51.463800111006,-0.188665545231504,51.46392615191709,-0.187805649976972,51.464214113457096,-0.1871100860586,51.46446470550804,-0.18638878403113,51.46459265323404,-0.185527246923326,51.46492132014745,-0.184766930925762,51.46517047475206,-0.182069227707158,51.46401838064109,-0.181851736548955,51.4626310016787,-0.180467344127107,51.46122031908849,-0.179836570931185,51.46027221321651,-0.179489727399472,51.45949234570885,-0.17885315269264,51.458645872049985,-0.177754364635421,51.458562759663806,-0.176954303084014,51.45834335252821,-0.175613017032323,51.4591301306113,-0.175280384280104,51.45808617471374,-0.174853925109659,51.45695898099744,-0.174404304850018,51.45566871583648,-0.173704874059522,51.454800438777404,-0.173099209292741,51.45399516128683,-0.172665361668333,51.45301017849773,-0.172122019879601,51.452267128711995,-0.171435031068806,51.451765196782425,-0.171219441842487,51.45094730483849,-0.170597190133641,51.45044679912738,-0.169587812733068,51.44871810068136,-0.168357600625437,51.44745257225207,-0.166887027975419,51.4458571507275,-0.166024572560801,51.44439571630899,-0.165626907937702,51.442760573571114,-0.164018443737507,51.44153053154952,-0.163658885587825,51.44074816099032,-0.163284264142794,51.43988645081816,-0.162218514114868,51.439193757320304,-0.162923854793829,51.43876052381208,-0.162394744582936,51.438343067654614,-0.166285323584653,51.436260419916465,-0.167769934050294,51.435308167133506,-0.171675727947029,51.43377509695791,-0.172609567133244,51.4332662374514,-0.173626832837033,51.43288088740847,-0.181048422250988,51.43026243059628,-0.182661458257493,51.42776388625821,-0.184106990447522,51.42744936571871",9,Wandsworth,9,Wandsworth,9611,6.3,SouthwarkVauxhall,1,0.11557,0,0.88443,dirty_none,11,1,0,2,8,0,8.395819,,10.971010,97,59,105.745122,57.248205,9173,10306,134.861083,146.611474,148,49.798813,50.396019,Wandsworth,11695,24,6459,193395,Wandsworth,9611,3,FALSE,TRUE,9
,,,MultiPolygon,"-0.184106990447522,51.42744936571871,-0.182661458257493,51.42776388625821,-0.181048422250988,51.43026243059628,-0.173626832837033,51.43288088740847,-0.172609567133244,51.4332662374514,-0.171675727947029,51.43377509695791,-0.167769934050294,51.435308167133506,-0.166285323584653,51.436260419916465,-0.162394744582936,51.438343067654614,-0.162923854793829,51.43876052381208,-0.162218514114868,51.439193757320304,-0.163284264142794,51.43988645081816,-0.163658885587825,51.44074816099032,-0.164018443737507,51.44153053154952,-0.161155443682563,51.44204009930996,-0.15951342033268,51.44239342311509,-0.159736279186348,51.4430691175161,-0.160124250851708,51.44368712463784,-0.161128719882131,51.44431747255236,-0.161549073150112,51.44493612313631,-0.161956644689777,51.44532196243304,-0.162664957834085,51.44709413219603,-0.162758466250599,51.44776723050769,-0.163539020348528,51.44833208271092,-0.162728150240147,51.44892581350235,-0.161377983681498,51.44928514327685,-0.160769531523833,51.44972030945642,-0.159824816676745,51.44962995840152,-0.159094547680157,51.44985631364416,-0.158110557444579,51.4499159587126,-0.15732172683377,51.45010383218698,-0.156335713714314,51.450213498138794,-0.155486306827318,51.450412923506306,-0.154817577735931,51.45060266985907,-0.153768460328659,51.4507864223547,-0.153018123501178,51.451012423911834,-0.152225213459628,51.45130033412132,-0.151359599811837,51.451900014824254,-0.151407728037071,51.45240202241586,-0.151048300327418,51.45300185045586,-0.150151838785844,51.45337017382035,-0.149455423083179,51.453640762850775,-0.148494620243896,51.45339754611661,-0.147804254842871,51.45353571233715,-0.146929719792951,51.453169958776336,-0.145709573307502,51.45270911257888,-0.144463656013878,51.45216698603675,-0.142873723088744,51.45194137179008,-0.142305540875329,51.45164516859592,-0.14269868232791,51.45071449398669,-0.142940747816012,51.45011230102213,-0.143401910871826,51.449409752924076,-0.144012992928341,51.44891373662535,-0.144642113792127,51.44868244106913,-0.145143971946087,51.44781810158606,-0.145741789250523,51.44728717925804,-0.145851105633254,51.44647592190192,-0.145487192525615,51.44600086444973,-0.143397274226597,51.44593179378493,-0.141349537345886,51.44599193942276,-0.140258948323832,51.4463358920887,-0.139530230526956,51.44660576915563,-0.138557316197688,51.447196059977536,-0.137877383527406,51.446107605334014,-0.13880262510083,51.44567570918331,-0.139786847292223,51.445492370536265,-0.14076678885068,51.445369936837345,-0.141596662177275,51.444988906325776,-0.142775309625937,51.44456267273829,-0.143685781404359,51.44422917444215,-0.144696565853792,51.443849099583524,-0.14405164029106,51.443185240721455,-0.143771877304976,51.44236599705514,-0.143128637289817,51.44166141188573,-0.142230078741522,51.441759001447025,-0.140676574947832,51.442276596357075,-0.139860998679691,51.4423617326682,-0.138961014294672,51.442176150948285,-0.138180522731419,51.44194726622395,-0.136983076256317,51.44176704505554,-0.13588821066508,51.44201647921924,-0.135346870127127,51.4424122556789,-0.134655647955523,51.44260148432085,-0.133989100369743,51.44291334501286,-0.132525749507121,51.44355465141913,-0.131338789708894,51.443306845642766,-0.130731867148996,51.44372150789677,-0.130236561410724,51.44446392969653,-0.130161883120424,51.445235260159976,-0.129505620279871,51.44595403486879,-0.128928435048081,51.446410050696926,-0.128836602698317,51.44689629356432,-0.12777153719364,51.447383014712244,-0.127056712726081,51.44777496949205,-0.126327751528788,51.44745504235616,-0.12524631487981,51.447066806765,-0.124203977841988,51.446536990971836,-0.123669387739968,51.447400578709626,-0.123895969472192,51.44799504819982,-0.12359296248868,51.4487821106057,-0.12249627851674,51.4492477637184,-0.122170076699554,51.44869202206783,-0.119823928896562,51.44591841079287,-0.119722579019329,51.44540785887099,-0.118716161497995,51.444838102860444,-0.116969833583226,51.444720979972686,-0.116017055239596,51.444925147184456,-0.114457189541911,51.444954022518935,-0.113591298297051,51.444773587041674,-0.113007991504189,51.444174599752,-0.112082510850477,51.44389118350939,-0.112519529186636,51.44244969782081,-0.113369994021495,51.441741455465916,-0.113404106714347,51.441131910302616,-0.113886939645002,51.43945370130338,-0.113543062641402,51.43804334850145,-0.113214528707307,51.43634842734863,-0.112769448001366,51.434427374095634,-0.112823242220927,51.432292907723216,-0.11248121759321,51.430272343777936,-0.112534890751765,51.429297224160415,-0.112443050892719,51.428624106237876,-0.112710351594685,51.427897476399515,-0.115224578753909,51.42760337964646,-0.11539564542007,51.42626453879895,-0.115605857426828,51.42539436654991,-0.115627176399747,51.42384895581536,-0.115658090454403,51.42329543704027,-0.112960976201297,51.42260730575148,-0.125045511563406,51.411702582959045,-0.14294022854132,51.41171120027626,-0.138455698298998,51.41838153320493,-0.144169983219601,51.41973959666216,-0.145416635281479,51.41975933049459,-0.147492787290677,51.42047463194351,-0.148359720131434,51.42024459373449,-0.157761783018333,51.4229763782719,-0.159301020294998,51.421538136692185,-0.159344079868112,51.42046636725698,-0.160140863327625,51.420040150330784,-0.162984727010037,51.42105971005274,-0.16786050165164,51.42196473826421,-0.171859888295131,51.42334337013477,-0.174429140648088,51.42148226706286,-0.175765420193239,51.421210588975086,-0.176883435283967,51.42054552133793,-0.17843599585502,51.4207159038919,-0.180894037684917,51.41968163813135,-0.183015829953684,51.42122572082785,-0.184142832298374,51.42426552406331,-0.183184545483315,51.424835641860085,-0.184106990447522,51.42744936571871,-0.10061577122957,51.451075573666444,-0.099347148987508,51.4505408856842,-0.099410383090124,51.44999293829841,-0.099146582707596,51.449479031117136,-0.098281732991151,51.44868840496471,-0.096828541518081,51.447987140796975,-0.095955462131109,51.4467689314132,-0.095769604680818,51.44632864477471,-0.095431561594514,51.44552533611487,-0.095077942896619,51.44468594309295,-0.094780001424924,51.44397854982383,-0.094135805262479,51.443314423998764,-0.093913917091534,51.44263861499053,-0.093346456343559,51.44175232089509,-0.094131990747299,51.440662511359854,-0.094857225239677,51.440847971689884,-0.095809161208779,51.440664336700465,-0.096361063442095,51.440065594111125,-0.097180389650298,51.43935035163474,-0.097980788253385,51.43896021818688,-0.10001796430587,51.439083605229946,-0.100434911120161,51.43976340689056,-0.10083984667665,51.44064633056859,-0.10233381184854,51.4412060106039,-0.103681447605308,51.44147792809037,-0.103591639478389,51.443103160684025,-0.104867060506689,51.44642436847357,-0.104172868550511,51.44722360513563,-0.103014585928682,51.44821667929908,-0.102200356380812,51.44885068923538,-0.101975391390287,51.449395176444746,-0.101007896763332,51.44986328342945,-0.100949853398961,51.45032996038437,-0.10061577122957,51.451075573666444",9,Wandsworth,30,Streatham,9023,6.4,Lambeth,3,0,0.368857,0.631143,all,6,0,1,5,0,0,,2.985436,8.723864,154,15,171.396772,16.518005,8985,9081,,,27,,,Wandsworth,11695,24,6459,193395,Streatham,9023,0,TRUE,FALSE,30
